team_id,name,class,region,reference_class,reference_region,state_rank,prior_record,snapshot_record,games_counted,cutoff,ledger_status,internal_consistency,external_verification,source_links,correction_made,unresolved_issue
tupelo,Tupelo High School,7A,1,7A,1,1,,1-0,1,2026-09-02T20:30:00-05:00,counted games consistent; unresolved listings not recorded in this legacy snapshot,PASS,"NOT_PERFORMED: MHSAA, MaxPreps and AHSFHS were unreachable from the build environment",https://scores.misshsaa.com/ https://www.misshsaa.com/2024/11/19/2025-27-football-regions/ https://www.maxpreps.com/ms/football/rankings/1/,Intro now states rank (unchanged) and rating (+3.1) separately; Sep 11 game marked under review pending the Houston listing check.,
meridian,Meridian High School,7A,3,7A,3,2,,1-0,1,2026-09-02T20:30:00-05:00,counted games consistent; unresolved listings not recorded in this legacy snapshot,PASS,"NOT_PERFORMED: MHSAA, MaxPreps and AHSFHS were unreachable from the build environment",https://scores.misshsaa.com/ https://www.misshsaa.com/2024/11/19/2025-27-football-regions/ https://www.maxpreps.com/ms/football/rankings/1/,,
germantown,Germantown High School,7A,2,7A,2,3,,1-0,1,2026-09-02T20:30:00-05:00,counted games consistent; unresolved listings not recorded in this legacy snapshot,PASS,"NOT_PERFORMED: MHSAA, MaxPreps and AHSFHS were unreachable from the build environment",https://scores.misshsaa.com/ https://www.misshsaa.com/2024/11/19/2025-27-football-regions/ https://www.maxpreps.com/ms/football/rankings/1/,,
madison-central,Madison Central High School,7A,2,7A,2,4,,1-0,1,2026-09-02T20:30:00-05:00,counted games consistent; unresolved listings not recorded in this legacy snapshot,PASS,"NOT_PERFORMED: MHSAA, MaxPreps and AHSFHS were unreachable from the build environment",https://scores.misshsaa.com/ https://www.misshsaa.com/2024/11/19/2025-27-football-regions/ https://www.maxpreps.com/ms/football/rankings/1/,,
gulfport,Gulfport High School,7A,4,7A,4,5,,1-0,1,2026-09-02T20:30:00-05:00,counted games consistent; unresolved listings not recorded in this legacy snapshot,PASS,"NOT_PERFORMED: MHSAA, MaxPreps and AHSFHS were unreachable from the build environment",https://scores.misshsaa.com/ https://www.misshsaa.com/2024/11/19/2025-27-football-regions/ https://www.maxpreps.com/ms/football/rankings/1/,,
starkville,Starkville High School,7A,2,7A,2,6,,1-0,1,2026-09-02T20:30:00-05:00,counted games consistent; unresolved listings not recorded in this legacy snapshot,PASS,"NOT_PERFORMED: MHSAA, MaxPreps and AHSFHS were unreachable from the build environment",https://scores.misshsaa.com/ https://www.misshsaa.com/2024/11/19/2025-27-football-regions/ https://www.maxpreps.com/ms/football/rankings/1/,,
warren-central,Warren Central High School,6A,2,6A,2,7,,1-0,1,2026-09-02T20:30:00-05:00,counted games consistent; unresolved listings not recorded in this legacy snapshot,PASS,"NOT_PERFORMED: MHSAA, MaxPreps and AHSFHS were unreachable from the build environment",https://scores.misshsaa.com/ https://www.misshsaa.com/2024/11/19/2025-27-football-regions/ https://www.maxpreps.com/ms/football/rankings/1/,,
petal,Petal High School,7A,3,7A,3,8,,1-0,1,2026-09-02T20:30:00-05:00,counted games consistent; unresolved listings not recorded in this legacy snapshot,PASS,"NOT_PERFORMED: MHSAA, MaxPreps and AHSFHS were unreachable from the build environment",https://scores.misshsaa.com/ https://www.misshsaa.com/2024/11/19/2025-27-football-regions/ https://www.maxpreps.com/ms/football/rankings/1/,,
center-hill,Center Hill High School,6A,1,6A,1,9,,1-0,1,2026-09-02T20:30:00-05:00,counted games consistent; unresolved listings not recorded in this legacy snapshot,PASS,"NOT_PERFORMED: MHSAA, MaxPreps and AHSFHS were unreachable from the build environment",https://scores.misshsaa.com/ https://www.misshsaa.com/2024/11/19/2025-27-football-regions/ https://www.maxpreps.com/ms/football/rankings/1/,,
oak-grove,Oak Grove High School,7A,3,7A,3,10,,0-1,1,2026-09-02T20:30:00-05:00,counted games consistent; unresolved listings not recorded in this legacy snapshot,PASS,"NOT_PERFORMED: MHSAA, MaxPreps and AHSFHS were unreachable from the build environment",https://scores.misshsaa.com/ https://www.misshsaa.com/2024/11/19/2025-27-football-regions/ https://www.maxpreps.com/ms/football/rankings/1/,,
poplarville,Poplarville Jr Sr High School,4A,7,4A,7,11,,1-0,1,2026-09-02T20:30:00-05:00,counted games consistent; unresolved listings not recorded in this legacy snapshot,PASS,"NOT_PERFORMED: MHSAA, MaxPreps and AHSFHS were unreachable from the build environment",https://scores.misshsaa.com/ https://www.misshsaa.com/2024/11/19/2025-27-football-regions/ https://www.maxpreps.com/ms/football/rankings/1/,,
biloxi,Biloxi High School,7A,4,7A,4,12,,1-0,1,2026-09-02T20:30:00-05:00,counted games consistent; unresolved listings not recorded in this legacy snapshot,PASS,"NOT_PERFORMED: MHSAA, MaxPreps and AHSFHS were unreachable from the build environment",https://scores.misshsaa.com/ https://www.misshsaa.com/2024/11/19/2025-27-football-regions/ https://www.maxpreps.com/ms/football/rankings/1/,,
desoto-central,Desoto Central High School,7A,1,7A,1,13,,1-0,1,2026-09-02T20:30:00-05:00,counted games consistent; unresolved listings not recorded in this legacy snapshot,PASS,"NOT_PERFORMED: MHSAA, MaxPreps and AHSFHS were unreachable from the build environment",https://scores.misshsaa.com/ https://www.misshsaa.com/2024/11/19/2025-27-football-regions/ https://www.maxpreps.com/ms/football/rankings/1/,,
south-panola,South Panola High School,6A,1,6A,1,14,,0-1,1,2026-09-02T20:30:00-05:00,counted games consistent; unresolved listings not recorded in this legacy snapshot,PASS,"NOT_PERFORMED: MHSAA, MaxPreps and AHSFHS were unreachable from the build environment",https://scores.misshsaa.com/ https://www.misshsaa.com/2024/11/19/2025-27-football-regions/ https://www.maxpreps.com/ms/football/rankings/1/,,
oxford,Oxford High School,7A,2,7A,2,15,,1-0,1,2026-09-02T20:30:00-05:00,counted games consistent; unresolved listings not recorded in this legacy snapshot,PASS,"NOT_PERFORMED: MHSAA, MaxPreps and AHSFHS were unreachable from the build environment",https://scores.misshsaa.com/ https://www.misshsaa.com/2024/11/19/2025-27-football-regions/ https://www.maxpreps.com/ms/football/rankings/1/,,
terry,Terry High School,6A,3,6A,3,16,,1-0,1,2026-09-02T20:30:00-05:00,counted games consistent; unresolved listings not recorded in this legacy snapshot,PASS,"NOT_PERFORMED: MHSAA, MaxPreps and AHSFHS were unreachable from the build environment",https://scores.misshsaa.com/ https://www.misshsaa.com/2024/11/19/2025-27-football-regions/ https://www.maxpreps.com/ms/football/rankings/1/,,
hattiesburg,Hattiesburg High School,6A,3,6A,3,17,,0-1,1,2026-09-02T20:30:00-05:00,counted games consistent; unresolved listings not recorded in this legacy snapshot,PASS,"NOT_PERFORMED: MHSAA, MaxPreps and AHSFHS were unreachable from the build environment",https://scores.misshsaa.com/ https://www.misshsaa.com/2024/11/19/2025-27-football-regions/ https://www.maxpreps.com/ms/football/rankings/1/,,
diberville,Diberville Senior High Sch,7A,4,7A,4,18,,1-0,1,2026-09-02T20:30:00-05:00,counted games consistent; unresolved listings not recorded in this legacy snapshot,PASS,"NOT_PERFORMED: MHSAA, MaxPreps and AHSFHS were unreachable from the build environment",https://scores.misshsaa.com/ https://www.misshsaa.com/2024/11/19/2025-27-football-regions/ https://www.maxpreps.com/ms/football/rankings/1/,Display name shown as D'Iberville High School (source list abbreviation 'Diberville Senior High Sch').,
pearl,Pearl High School,7A,3,7A,3,19,,0-1,1,2026-09-02T20:30:00-05:00,counted games consistent; unresolved listings not recorded in this legacy snapshot,PASS,"NOT_PERFORMED: MHSAA, MaxPreps and AHSFHS were unreachable from the build environment",https://scores.misshsaa.com/ https://www.misshsaa.com/2024/11/19/2025-27-football-regions/ https://www.maxpreps.com/ms/football/rankings/1/,,
st-martin,St. Martin High School,7A,4,7A,4,20,,1-0,1,2026-09-02T20:30:00-05:00,counted games consistent; unresolved listings not recorded in this legacy snapshot,PASS,"NOT_PERFORMED: MHSAA, MaxPreps and AHSFHS were unreachable from the build environment",https://scores.misshsaa.com/ https://www.misshsaa.com/2024/11/19/2025-27-football-regions/ https://www.maxpreps.com/ms/football/rankings/1/,,
clinton,Clinton High School,7A,2,7A,2,21,,0-1,1,2026-09-02T20:30:00-05:00,counted games consistent; unresolved listings not recorded in this legacy snapshot,PASS,"NOT_PERFORMED: MHSAA, MaxPreps and AHSFHS were unreachable from the build environment",https://scores.misshsaa.com/ https://www.misshsaa.com/2024/11/19/2025-27-football-regions/ https://www.maxpreps.com/ms/football/rankings/1/,,
horn-lake,Horn Lake High,7A,1,7A,1,22,,0-1,1,2026-09-02T20:30:00-05:00,counted games consistent; unresolved listings not recorded in this legacy snapshot,PASS,"NOT_PERFORMED: MHSAA, MaxPreps and AHSFHS were unreachable from the build environment",https://scores.misshsaa.com/ https://www.misshsaa.com/2024/11/19/2025-27-football-regions/ https://www.maxpreps.com/ms/football/rankings/1/,,
mendenhall,Mendenhall High School,4A,6,4A,6,23,,1-0,1,2026-09-02T20:30:00-05:00,counted games consistent; unresolved listings not recorded in this legacy snapshot,PASS,"NOT_PERFORMED: MHSAA, MaxPreps and AHSFHS were unreachable from the build environment",https://scores.misshsaa.com/ https://www.misshsaa.com/2024/11/19/2025-27-football-regions/ https://www.maxpreps.com/ms/football/rankings/1/,,
louisville,Louisville High School,4A,4,4A,4,24,,1-0,1,2026-09-02T20:30:00-05:00,counted games consistent; unresolved listings not recorded in this legacy snapshot,PASS,"NOT_PERFORMED: MHSAA, MaxPreps and AHSFHS were unreachable from the build environment",https://scores.misshsaa.com/ https://www.misshsaa.com/2024/11/19/2025-27-football-regions/ https://www.maxpreps.com/ms/football/rankings/1/,,
callaway,Callaway High School,6A,2,6A,2,25,,1-0,1,2026-09-02T20:30:00-05:00,counted games consistent; unresolved listings not recorded in this legacy snapshot,PASS,"NOT_PERFORMED: MHSAA, MaxPreps and AHSFHS were unreachable from the build environment",https://scores.misshsaa.com/ https://www.misshsaa.com/2024/11/19/2025-27-football-regions/ https://www.maxpreps.com/ms/football/rankings/1/,,
gautier,Gautier High School,6A,4,6A,4,26,,1-0,1,2026-09-02T20:30:00-05:00,counted games consistent; unresolved listings not recorded in this legacy snapshot,PASS,"NOT_PERFORMED: MHSAA, MaxPreps and AHSFHS were unreachable from the build environment",https://scores.misshsaa.com/ https://www.misshsaa.com/2024/11/19/2025-27-football-regions/ https://www.maxpreps.com/ms/football/rankings/1/,,
kosciusko,Kosciusko Senior High School,4A,4,4A,4,27,,1-0,1,2026-09-02T20:30:00-05:00,counted games consistent; unresolved listings not recorded in this legacy snapshot,PASS,"NOT_PERFORMED: MHSAA, MaxPreps and AHSFHS were unreachable from the build environment",https://scores.misshsaa.com/ https://www.misshsaa.com/2024/11/19/2025-27-football-regions/ https://www.maxpreps.com/ms/football/rankings/1/,,
pascagoula,Pascagoula High School,6A,4,6A,4,28,,1-0,1,2026-09-02T20:30:00-05:00,counted games consistent; unresolved listings not recorded in this legacy snapshot,PASS,"NOT_PERFORMED: MHSAA, MaxPreps and AHSFHS were unreachable from the build environment",https://scores.misshsaa.com/ https://www.misshsaa.com/2024/11/19/2025-27-football-regions/ https://www.maxpreps.com/ms/football/rankings/1/,,
new-albany,New Albany High School,4A,1,4A,1,29,,1-0,1,2026-09-02T20:30:00-05:00,counted games consistent; unresolved listings not recorded in this legacy snapshot,PASS,"NOT_PERFORMED: MHSAA, MaxPreps and AHSFHS were unreachable from the build environment",https://scores.misshsaa.com/ https://www.misshsaa.com/2024/11/19/2025-27-football-regions/ https://www.maxpreps.com/ms/football/rankings/1/,,
laurel,Laurel High School,5A,3,5A,3,30,,1-0,1,2026-09-02T20:30:00-05:00,counted games consistent; unresolved listings not recorded in this legacy snapshot,PASS,"NOT_PERFORMED: MHSAA, MaxPreps and AHSFHS were unreachable from the build environment",https://scores.misshsaa.com/ https://www.misshsaa.com/2024/11/19/2025-27-football-regions/ https://www.maxpreps.com/ms/football/rankings/1/,,
pass-christian,Pass Christian High School,4A,8,4A,8,31,,1-0,1,2026-09-02T20:30:00-05:00,counted games consistent; unresolved listings not recorded in this legacy snapshot,PASS,"NOT_PERFORMED: MHSAA, MaxPreps and AHSFHS were unreachable from the build environment",https://scores.misshsaa.com/ https://www.misshsaa.com/2024/11/19/2025-27-football-regions/ https://www.maxpreps.com/ms/football/rankings/1/,,
lanier,Lanier High School,5A,2,5A,2,32,,1-0,1,2026-09-02T20:30:00-05:00,counted games consistent; unresolved listings not recorded in this legacy snapshot,PASS,"NOT_PERFORMED: MHSAA, MaxPreps and AHSFHS were unreachable from the build environment",https://scores.misshsaa.com/ https://www.misshsaa.com/2024/11/19/2025-27-football-regions/ https://www.maxpreps.com/ms/football/rankings/1/,,
hernando,Hernando High School,7A,1,7A,1,33,,1-0,1,2026-09-02T20:30:00-05:00,counted games consistent; unresolved listings not recorded in this legacy snapshot,PASS,"NOT_PERFORMED: MHSAA, MaxPreps and AHSFHS were unreachable from the build environment",https://scores.misshsaa.com/ https://www.misshsaa.com/2024/11/19/2025-27-football-regions/ https://www.maxpreps.com/ms/football/rankings/1/,,
brandon,Brandon High School,7A,3,7A,3,34,,0-1,1,2026-09-02T20:30:00-05:00,counted games consistent; unresolved listings not recorded in this legacy snapshot,PASS,"NOT_PERFORMED: MHSAA, MaxPreps and AHSFHS were unreachable from the build environment",https://scores.misshsaa.com/ https://www.misshsaa.com/2024/11/19/2025-27-football-regions/ https://www.maxpreps.com/ms/football/rankings/1/,,
winona,Winona Secondary School,3A,4,3A,4,35,,1-0,1,2026-09-02T20:30:00-05:00,counted games consistent; unresolved listings not recorded in this legacy snapshot,PASS,"NOT_PERFORMED: MHSAA, MaxPreps and AHSFHS were unreachable from the build environment",https://scores.misshsaa.com/ https://www.misshsaa.com/2024/11/19/2025-27-football-regions/ https://www.maxpreps.com/ms/football/rankings/1/,,
lewisburg,Lewisburg High School,7A,1,7A,1,36,,1-0,1,2026-09-02T20:30:00-05:00,counted games consistent; unresolved listings not recorded in this legacy snapshot,PASS,"NOT_PERFORMED: MHSAA, MaxPreps and AHSFHS were unreachable from the build environment",https://scores.misshsaa.com/ https://www.misshsaa.com/2024/11/19/2025-27-football-regions/ https://www.maxpreps.com/ms/football/rankings/1/,,
leake-central,Leake Central High School,5A,2,5A,2,37,,1-0,1,2026-09-02T20:30:00-05:00,counted games consistent; unresolved listings not recorded in this legacy snapshot,PASS,"NOT_PERFORMED: MHSAA, MaxPreps and AHSFHS were unreachable from the build environment",https://scores.misshsaa.com/ https://www.misshsaa.com/2024/11/19/2025-27-football-regions/ https://www.maxpreps.com/ms/football/rankings/1/,,
shannon,Shannon High School,4A,2,4A,2,38,,1-0,1,2026-09-02T20:30:00-05:00,counted games consistent; unresolved listings not recorded in this legacy snapshot,PASS,"NOT_PERFORMED: MHSAA, MaxPreps and AHSFHS were unreachable from the build environment",https://scores.misshsaa.com/ https://www.misshsaa.com/2024/11/19/2025-27-football-regions/ https://www.maxpreps.com/ms/football/rankings/1/,,
pontotoc,Pontotoc High School,5A,1,5A,1,39,,1-0,1,2026-09-02T20:30:00-05:00,counted games consistent; unresolved listings not recorded in this legacy snapshot,PASS,"NOT_PERFORMED: MHSAA, MaxPreps and AHSFHS were unreachable from the build environment",https://scores.misshsaa.com/ https://www.misshsaa.com/2024/11/19/2025-27-football-regions/ https://www.maxpreps.com/ms/football/rankings/1/,,
northwest-rankin,Northwest Rankin High School,7A,3,7A,3,40,,0-1,1,2026-09-02T20:30:00-05:00,counted games consistent; unresolved listings not recorded in this legacy snapshot,PASS,"NOT_PERFORMED: MHSAA, MaxPreps and AHSFHS were unreachable from the build environment",https://scores.misshsaa.com/ https://www.misshsaa.com/2024/11/19/2025-27-football-regions/ https://www.maxpreps.com/ms/football/rankings/1/,,
corinth,Corinth High School,4A,1,4A,1,41,,1-0,1,2026-09-02T20:30:00-05:00,counted games consistent; unresolved listings not recorded in this legacy snapshot,PASS,"NOT_PERFORMED: MHSAA, MaxPreps and AHSFHS were unreachable from the build environment",https://scores.misshsaa.com/ https://www.misshsaa.com/2024/11/19/2025-27-football-regions/ https://www.maxpreps.com/ms/football/rankings/1/,Sep 11 game marked under review pending the Houston listing check.,
lafayette,Lafayette High School,5A,1,5A,1,42,,1-0,1,2026-09-02T20:30:00-05:00,counted games consistent; unresolved listings not recorded in this legacy snapshot,PASS,"NOT_PERFORMED: MHSAA, MaxPreps and AHSFHS were unreachable from the build environment",https://scores.misshsaa.com/ https://www.misshsaa.com/2024/11/19/2025-27-football-regions/ https://www.maxpreps.com/ms/football/rankings/1/,,
brookhaven,Brookhaven High School,5A,3,5A,3,43,,1-0,1,2026-09-02T20:30:00-05:00,counted games consistent; unresolved listings not recorded in this legacy snapshot,PASS,"NOT_PERFORMED: MHSAA, MaxPreps and AHSFHS were unreachable from the build environment",https://scores.misshsaa.com/ https://www.misshsaa.com/2024/11/19/2025-27-football-regions/ https://www.maxpreps.com/ms/football/rankings/1/,,
lake-cormorant,Lake Cormorant High,6A,1,6A,1,44,,1-0,1,2026-09-02T20:30:00-05:00,counted games consistent; unresolved listings not recorded in this legacy snapshot,PASS,"NOT_PERFORMED: MHSAA, MaxPreps and AHSFHS were unreachable from the build environment",https://scores.misshsaa.com/ https://www.misshsaa.com/2024/11/19/2025-27-football-regions/ https://www.maxpreps.com/ms/football/rankings/1/,,
itawamba-agricultural,Itawamba Agricultural High School,4A,2,4A,2,45,,1-0,1,2026-09-02T20:30:00-05:00,counted games consistent; unresolved listings not recorded in this legacy snapshot,PASS,"NOT_PERFORMED: MHSAA, MaxPreps and AHSFHS were unreachable from the build environment",https://scores.misshsaa.com/ https://www.misshsaa.com/2024/11/19/2025-27-football-regions/ https://www.maxpreps.com/ms/football/rankings/1/,,
stone,Stone High School,5A,4,5A,4,46,,1-0,1,2026-09-02T20:30:00-05:00,counted games consistent; unresolved listings not recorded in this legacy snapshot,PASS,"NOT_PERFORMED: MHSAA, MaxPreps and AHSFHS were unreachable from the build environment",https://scores.misshsaa.com/ https://www.misshsaa.com/2024/11/19/2025-27-football-regions/ https://www.maxpreps.com/ms/football/rankings/1/,,
houston,Houston High School,4A,2,4A,2,47,,1-0,1,2026-09-02T20:30:00-05:00,counted games consistent; unresolved listings not recorded in this legacy snapshot,PASS,"NOT_PERFORMED: MHSAA, MaxPreps and AHSFHS were unreachable from the build environment",https://scores.misshsaa.com/ https://www.misshsaa.com/2024/11/19/2025-27-football-regions/ https://www.maxpreps.com/ms/football/rankings/1/,Page now flags two games credited on Sep 11 as under review (no data changed).,
pearl-river-central,Pearl River Central High School,6A,4,6A,4,48,,1-0,1,2026-09-02T20:30:00-05:00,counted games consistent; unresolved listings not recorded in this legacy snapshot,PASS,"NOT_PERFORMED: MHSAA, MaxPreps and AHSFHS were unreachable from the build environment",https://scores.misshsaa.com/ https://www.misshsaa.com/2024/11/19/2025-27-football-regions/ https://www.maxpreps.com/ms/football/rankings/1/,Date-only marker games now display on the correct date.,
mccomb,McComb High School,4A,7,4A,7,49,,1-0,1,2026-09-02T20:30:00-05:00,counted games consistent; unresolved listings not recorded in this legacy snapshot,PASS,"NOT_PERFORMED: MHSAA, MaxPreps and AHSFHS were unreachable from the build environment",https://scores.misshsaa.com/ https://www.misshsaa.com/2024/11/19/2025-27-football-regions/ https://www.maxpreps.com/ms/football/rankings/1/,,
morton,Morton High School,4A,6,4A,6,50,,1-0,1,2026-09-02T20:30:00-05:00,counted games consistent; unresolved listings not recorded in this legacy snapshot,PASS,"NOT_PERFORMED: MHSAA, MaxPreps and AHSFHS were unreachable from the build environment",https://scores.misshsaa.com/ https://www.misshsaa.com/2024/11/19/2025-27-football-regions/ https://www.maxpreps.com/ms/football/rankings/1/,,
south-jones,South Jones High School,5A,3,5A,3,51,,1-0,1,2026-09-02T20:30:00-05:00,counted games consistent; unresolved listings not recorded in this legacy snapshot,PASS,"NOT_PERFORMED: MHSAA, MaxPreps and AHSFHS were unreachable from the build environment",https://scores.misshsaa.com/ https://www.misshsaa.com/2024/11/19/2025-27-football-regions/ https://www.maxpreps.com/ms/football/rankings/1/,,
holmes-county-central,Holmes County Central High School,5A,2,5A,2,52,,0-1,1,2026-09-02T20:30:00-05:00,counted games consistent; unresolved listings not recorded in this legacy snapshot,PASS,"NOT_PERFORMED: MHSAA, MaxPreps and AHSFHS were unreachable from the build environment",https://scores.misshsaa.com/ https://www.misshsaa.com/2024/11/19/2025-27-football-regions/ https://www.maxpreps.com/ms/football/rankings/1/,,
canton,Canton Public High School,6A,2,6A,2,53,,1-0,1,2026-09-02T20:30:00-05:00,counted games consistent; unresolved listings not recorded in this legacy snapshot,PASS,"NOT_PERFORMED: MHSAA, MaxPreps and AHSFHS were unreachable from the build environment",https://scores.misshsaa.com/ https://www.misshsaa.com/2024/11/19/2025-27-football-regions/ https://www.maxpreps.com/ms/football/rankings/1/,,
grenada,Grenada High,6A,1,6A,1,54,,0-0,0,2026-09-02T20:30:00-05:00,unavailable: no verified results linked,PASS,"NOT_PERFORMED: MHSAA, MaxPreps and AHSFHS were unreachable from the build environment",https://scores.misshsaa.com/ https://www.misshsaa.com/2024/11/19/2025-27-football-regions/ https://www.maxpreps.com/ms/football/rankings/1/,,
harrison-central,Harrison Central High School,7A,4,7A,4,55,,0-1,1,2026-09-02T20:30:00-05:00,counted games consistent; unresolved listings not recorded in this legacy snapshot,PASS,"NOT_PERFORMED: MHSAA, MaxPreps and AHSFHS were unreachable from the build environment",https://scores.misshsaa.com/ https://www.misshsaa.com/2024/11/19/2025-27-football-regions/ https://www.maxpreps.com/ms/football/rankings/1/,,
natchez,Natchez High School,5A,3,5A,3,56,,1-0,1,2026-09-02T20:30:00-05:00,counted games consistent; unresolved listings not recorded in this legacy snapshot,PASS,"NOT_PERFORMED: MHSAA, MaxPreps and AHSFHS were unreachable from the build environment",https://scores.misshsaa.com/ https://www.misshsaa.com/2024/11/19/2025-27-football-regions/ https://www.maxpreps.com/ms/football/rankings/1/,,
seminary,Seminary High School,3A,6,3A,6,57,,1-0,1,2026-09-02T20:30:00-05:00,counted games consistent; unresolved listings not recorded in this legacy snapshot,PASS,"NOT_PERFORMED: MHSAA, MaxPreps and AHSFHS were unreachable from the build environment",https://scores.misshsaa.com/ https://www.misshsaa.com/2024/11/19/2025-27-football-regions/ https://www.maxpreps.com/ms/football/rankings/1/,,
sumrall,Sumrall High School,5A,3,5A,3,58,,1-0,1,2026-09-02T20:30:00-05:00,counted games consistent; unresolved listings not recorded in this legacy snapshot,PASS,"NOT_PERFORMED: MHSAA, MaxPreps and AHSFHS were unreachable from the build environment",https://scores.misshsaa.com/ https://www.misshsaa.com/2024/11/19/2025-27-football-regions/ https://www.maxpreps.com/ms/football/rankings/1/,,
jim-hill,Jim Hill High School,6A,3,6A,3,59,,1-0,1,2026-09-02T20:30:00-05:00,counted games consistent; unresolved listings not recorded in this legacy snapshot,PASS,"NOT_PERFORMED: MHSAA, MaxPreps and AHSFHS were unreachable from the build environment",https://scores.misshsaa.com/ https://www.misshsaa.com/2024/11/19/2025-27-football-regions/ https://www.maxpreps.com/ms/football/rankings/1/,,
hancock,Hancock High School,6A,4,6A,4,60,,0-1,1,2026-09-02T20:30:00-05:00,counted games consistent; unresolved listings not recorded in this legacy snapshot,PASS,"NOT_PERFORMED: MHSAA, MaxPreps and AHSFHS were unreachable from the build environment",https://scores.misshsaa.com/ https://www.misshsaa.com/2024/11/19/2025-27-football-regions/ https://www.maxpreps.com/ms/football/rankings/1/,,
greenville,Greenville High School,6A,2,6A,2,61,,1-0,1,2026-09-02T20:30:00-05:00,counted games consistent; unresolved listings not recorded in this legacy snapshot,PASS,"NOT_PERFORMED: MHSAA, MaxPreps and AHSFHS were unreachable from the build environment",https://scores.misshsaa.com/ https://www.misshsaa.com/2024/11/19/2025-27-football-regions/ https://www.maxpreps.com/ms/football/rankings/1/,,
ocean-springs,Ocean Springs High School,7A,4,7A,4,62,,0-1,1,2026-09-02T20:30:00-05:00,counted games consistent; unresolved listings not recorded in this legacy snapshot,PASS,"NOT_PERFORMED: MHSAA, MaxPreps and AHSFHS were unreachable from the build environment",https://scores.misshsaa.com/ https://www.misshsaa.com/2024/11/19/2025-27-football-regions/ https://www.maxpreps.com/ms/football/rankings/1/,,
rosa-fort,Rosa Fort High School,4A,3,4A,3,63,,1-0,1,2026-09-02T20:30:00-05:00,counted games consistent; unresolved listings not recorded in this legacy snapshot,PASS,"NOT_PERFORMED: MHSAA, MaxPreps and AHSFHS were unreachable from the build environment",https://scores.misshsaa.com/ https://www.misshsaa.com/2024/11/19/2025-27-football-regions/ https://www.maxpreps.com/ms/football/rankings/1/,,
wayne-county,Wayne County High School,5A,4,5A,4,64,,0-1,1,2026-09-02T20:30:00-05:00,counted games consistent; unresolved listings not recorded in this legacy snapshot,PASS,"NOT_PERFORMED: MHSAA, MaxPreps and AHSFHS were unreachable from the build environment",https://scores.misshsaa.com/ https://www.misshsaa.com/2024/11/19/2025-27-football-regions/ https://www.maxpreps.com/ms/football/rankings/1/,,
west-jones,West Jones High School,6A,3,6A,3,65,,0-1,1,2026-09-02T20:30:00-05:00,counted games consistent; unresolved listings not recorded in this legacy snapshot,PASS,"NOT_PERFORMED: MHSAA, MaxPreps and AHSFHS were unreachable from the build environment",https://scores.misshsaa.com/ https://www.misshsaa.com/2024/11/19/2025-27-football-regions/ https://www.maxpreps.com/ms/football/rankings/1/,,
cleveland-central,Cleveland Central High School,5A,2,5A,2,66,,0-0,0,2026-09-02T20:30:00-05:00,unavailable: no verified results linked,PASS,"NOT_PERFORMED: MHSAA, MaxPreps and AHSFHS were unreachable from the build environment",https://scores.misshsaa.com/ https://www.misshsaa.com/2024/11/19/2025-27-football-regions/ https://www.maxpreps.com/ms/football/rankings/1/,Identity mapping added: official score-center team 'Cleveland' (source ID 241722) links to Cleveland Central when the listing's city is also Cleveland. Applies from the next weekly run; the immutable Week 4 snapshot still shows no results. Page now says 'results unavailable' instead of 0-0 / 0.0.,
neshoba-central,Neshoba Central High School,6A,2,6A,2,67,,0-1,1,2026-09-02T20:30:00-05:00,counted games consistent; unresolved listings not recorded in this legacy snapshot,PASS,"NOT_PERFORMED: MHSAA, MaxPreps and AHSFHS were unreachable from the build environment",https://scores.misshsaa.com/ https://www.misshsaa.com/2024/11/19/2025-27-football-regions/ https://www.maxpreps.com/ms/football/rankings/1/,,
richland,Richland High School,4A,6,4A,6,68,,1-0,1,2026-09-02T20:30:00-05:00,counted games consistent; unresolved listings not recorded in this legacy snapshot,PASS,"NOT_PERFORMED: MHSAA, MaxPreps and AHSFHS were unreachable from the build environment",https://scores.misshsaa.com/ https://www.misshsaa.com/2024/11/19/2025-27-football-regions/ https://www.maxpreps.com/ms/football/rankings/1/,,
picayune,Picayune Memorial High School,6A,4,6A,4,69,,0-1,1,2026-09-02T20:30:00-05:00,counted games consistent; unresolved listings not recorded in this legacy snapshot,PASS,"NOT_PERFORMED: MHSAA, MaxPreps and AHSFHS were unreachable from the build environment",https://scores.misshsaa.com/ https://www.misshsaa.com/2024/11/19/2025-27-football-regions/ https://www.maxpreps.com/ms/football/rankings/1/,,
forest-hill,Forest Hill High School,6A,3,6A,3,70,,0-1,1,2026-09-02T20:30:00-05:00,counted games consistent; unresolved listings not recorded in this legacy snapshot,PASS,"NOT_PERFORMED: MHSAA, MaxPreps and AHSFHS were unreachable from the build environment",https://scores.misshsaa.com/ https://www.misshsaa.com/2024/11/19/2025-27-football-regions/ https://www.maxpreps.com/ms/football/rankings/1/,,
new-hope,New Hope High School,5A,1,5A,1,71,,0-1,1,2026-09-02T20:30:00-05:00,counted games consistent; unresolved listings not recorded in this legacy snapshot,PASS,"NOT_PERFORMED: MHSAA, MaxPreps and AHSFHS were unreachable from the build environment",https://scores.misshsaa.com/ https://www.misshsaa.com/2024/11/19/2025-27-football-regions/ https://www.maxpreps.com/ms/football/rankings/1/,,
southaven,Southaven High School,7A,1,7A,1,72,,0-1,1,2026-09-02T20:30:00-05:00,counted games consistent; unresolved listings not recorded in this legacy snapshot,PASS,"NOT_PERFORMED: MHSAA, MaxPreps and AHSFHS were unreachable from the build environment",https://scores.misshsaa.com/ https://www.misshsaa.com/2024/11/19/2025-27-football-regions/ https://www.maxpreps.com/ms/football/rankings/1/,,
ridgeland,Ridgeland High School,6A,2,6A,2,73,,0-1,1,2026-09-02T20:30:00-05:00,counted games consistent; unresolved listings not recorded in this legacy snapshot,PASS,"NOT_PERFORMED: MHSAA, MaxPreps and AHSFHS were unreachable from the build environment",https://scores.misshsaa.com/ https://www.misshsaa.com/2024/11/19/2025-27-football-regions/ https://www.maxpreps.com/ms/football/rankings/1/,,
magee,Magee High School,3A,6,3A,6,74,,1-0,1,2026-09-02T20:30:00-05:00,counted games consistent; unresolved listings not recorded in this legacy snapshot,PASS,"NOT_PERFORMED: MHSAA, MaxPreps and AHSFHS were unreachable from the build environment",https://scores.misshsaa.com/ https://www.misshsaa.com/2024/11/19/2025-27-football-regions/ https://www.maxpreps.com/ms/football/rankings/1/,,
choctaw-central,Choctaw Central,4A,5,4A,5,75,,1-0,1,2026-09-02T20:30:00-05:00,counted games consistent; unresolved listings not recorded in this legacy snapshot,PASS,"NOT_PERFORMED: MHSAA, MaxPreps and AHSFHS were unreachable from the build environment",https://scores.misshsaa.com/ https://www.misshsaa.com/2024/11/19/2025-27-football-regions/ https://www.maxpreps.com/ms/football/rankings/1/,,
greene-county,Greene County High School,4A,8,4A,8,76,,1-0,1,2026-09-02T20:30:00-05:00,counted games consistent; unresolved listings not recorded in this legacy snapshot,PASS,"NOT_PERFORMED: MHSAA, MaxPreps and AHSFHS were unreachable from the build environment",https://scores.misshsaa.com/ https://www.misshsaa.com/2024/11/19/2025-27-football-regions/ https://www.maxpreps.com/ms/football/rankings/1/,,
west-point,West Point High School,5A,1,5A,1,77,,0-1,1,2026-09-02T20:30:00-05:00,counted games consistent; unresolved listings not recorded in this legacy snapshot,PASS,"NOT_PERFORMED: MHSAA, MaxPreps and AHSFHS were unreachable from the build environment",https://scores.misshsaa.com/ https://www.misshsaa.com/2024/11/19/2025-27-football-regions/ https://www.maxpreps.com/ms/football/rankings/1/,,
senatobia,Senatobia High School,4A,3,4A,3,78,,1-0,1,2026-09-02T20:30:00-05:00,counted games consistent; unresolved listings not recorded in this legacy snapshot,PASS,"NOT_PERFORMED: MHSAA, MaxPreps and AHSFHS were unreachable from the build environment",https://scores.misshsaa.com/ https://www.misshsaa.com/2024/11/19/2025-27-football-regions/ https://www.maxpreps.com/ms/football/rankings/1/,,
west-harrison,West Harrison High School,7A,4,7A,4,79,,0-1,1,2026-09-02T20:30:00-05:00,counted games consistent; unresolved listings not recorded in this legacy snapshot,PASS,"NOT_PERFORMED: MHSAA, MaxPreps and AHSFHS were unreachable from the build environment",https://scores.misshsaa.com/ https://www.misshsaa.com/2024/11/19/2025-27-football-regions/ https://www.maxpreps.com/ms/football/rankings/1/,,
yazoo-county,Yazoo County High School,3A,3,3A,3,80,,1-0,1,2026-09-02T20:30:00-05:00,counted games consistent; unresolved listings not recorded in this legacy snapshot,PASS,"NOT_PERFORMED: MHSAA, MaxPreps and AHSFHS were unreachable from the build environment",https://scores.misshsaa.com/ https://www.misshsaa.com/2024/11/19/2025-27-football-regions/ https://www.maxpreps.com/ms/football/rankings/1/,,
mize,Mize Attendance Center,2A,6,2A,6,81,,1-0,1,2026-09-02T20:30:00-05:00,counted games consistent; unresolved listings not recorded in this legacy snapshot,PASS,"NOT_PERFORMED: MHSAA, MaxPreps and AHSFHS were unreachable from the build environment",https://scores.misshsaa.com/ https://www.misshsaa.com/2024/11/19/2025-27-football-regions/ https://www.maxpreps.com/ms/football/rankings/1/,,
charleston,Charleston High School,2A,3,2A,3,82,,1-0,1,2026-09-02T20:30:00-05:00,counted games consistent; unresolved listings not recorded in this legacy snapshot,PASS,"NOT_PERFORMED: MHSAA, MaxPreps and AHSFHS were unreachable from the build environment",https://scores.misshsaa.com/ https://www.misshsaa.com/2024/11/19/2025-27-football-regions/ https://www.maxpreps.com/ms/football/rankings/1/,,
east-marion,East Marion High School,2A,8,2A,8,83,,1-0,1,2026-09-02T20:30:00-05:00,counted games consistent; unresolved listings not recorded in this legacy snapshot,PASS,"NOT_PERFORMED: MHSAA, MaxPreps and AHSFHS were unreachable from the build environment",https://scores.misshsaa.com/ https://www.misshsaa.com/2024/11/19/2025-27-football-regions/ https://www.maxpreps.com/ms/football/rankings/1/,,
south-pike,South Pike Senior High School,4A,7,4A,7,84,,1-0,1,2026-09-02T20:30:00-05:00,counted games consistent; unresolved listings not recorded in this legacy snapshot,PASS,"NOT_PERFORMED: MHSAA, MaxPreps and AHSFHS were unreachable from the build environment",https://scores.misshsaa.com/ https://www.misshsaa.com/2024/11/19/2025-27-football-regions/ https://www.maxpreps.com/ms/football/rankings/1/,,
columbia,Columbia High School,4A,7,4A,7,85,,0-1,1,2026-09-02T20:30:00-05:00,counted games consistent; unresolved listings not recorded in this legacy snapshot,PASS,"NOT_PERFORMED: MHSAA, MaxPreps and AHSFHS were unreachable from the build environment",https://scores.misshsaa.com/ https://www.misshsaa.com/2024/11/19/2025-27-football-regions/ https://www.maxpreps.com/ms/football/rankings/1/,,
george-county,George County High School,6A,3,6A,3,86,,0-1,1,2026-09-02T20:30:00-05:00,counted games consistent; unresolved listings not recorded in this legacy snapshot,PASS,"NOT_PERFORMED: MHSAA, MaxPreps and AHSFHS were unreachable from the build environment",https://scores.misshsaa.com/ https://www.misshsaa.com/2024/11/19/2025-27-football-regions/ https://www.maxpreps.com/ms/football/rankings/1/,,
forest,Forest High School,4A,6,4A,6,87,,1-0,1,2026-09-02T20:30:00-05:00,counted games consistent; unresolved listings not recorded in this legacy snapshot,PASS,"NOT_PERFORMED: MHSAA, MaxPreps and AHSFHS were unreachable from the build environment",https://scores.misshsaa.com/ https://www.misshsaa.com/2024/11/19/2025-27-football-regions/ https://www.maxpreps.com/ms/football/rankings/1/,,
clarksdale,Clarksdale High School,4A,3,4A,3,88,,0-1,1,2026-09-02T20:30:00-05:00,counted games consistent; unresolved listings not recorded in this legacy snapshot,PASS,"NOT_PERFORMED: MHSAA, MaxPreps and AHSFHS were unreachable from the build environment",https://scores.misshsaa.com/ https://www.misshsaa.com/2024/11/19/2025-27-football-regions/ https://www.maxpreps.com/ms/football/rankings/1/,,
raleigh,Raleigh High School,3A,6,3A,6,89,,0-1,1,2026-09-02T20:30:00-05:00,counted games consistent; unresolved listings not recorded in this legacy snapshot,PASS,"NOT_PERFORMED: MHSAA, MaxPreps and AHSFHS were unreachable from the build environment",https://scores.misshsaa.com/ https://www.misshsaa.com/2024/11/19/2025-27-football-regions/ https://www.maxpreps.com/ms/football/rankings/1/,,
presbyterian-christian,Presbyterian Christian School,3A,8,3A,8,90,,1-0,1,2026-09-02T20:30:00-05:00,counted games consistent; unresolved listings not recorded in this legacy snapshot,PASS,"NOT_PERFORMED: MHSAA, MaxPreps and AHSFHS were unreachable from the build environment",https://scores.misshsaa.com/ https://www.misshsaa.com/2024/11/19/2025-27-football-regions/ https://www.maxpreps.com/ms/football/rankings/1/,,
vicksburg,Vicksburg High School,5A,2,5A,2,91,,0-1,1,2026-09-02T20:30:00-05:00,counted games consistent; unresolved listings not recorded in this legacy snapshot,PASS,"NOT_PERFORMED: MHSAA, MaxPreps and AHSFHS were unreachable from the build environment",https://scores.misshsaa.com/ https://www.misshsaa.com/2024/11/19/2025-27-football-regions/ https://www.maxpreps.com/ms/football/rankings/1/,,
ripley,Ripley High School,4A,3,4A,3,92,,1-0,1,2026-09-02T20:30:00-05:00,counted games consistent; unresolved listings not recorded in this legacy snapshot,PASS,"NOT_PERFORMED: MHSAA, MaxPreps and AHSFHS were unreachable from the build environment",https://scores.misshsaa.com/ https://www.misshsaa.com/2024/11/19/2025-27-football-regions/ https://www.maxpreps.com/ms/football/rankings/1/,,
wesson,Wesson Attendance Center,2A,7,2A,7,93,,1-0,1,2026-09-02T20:30:00-05:00,counted games consistent; unresolved listings not recorded in this legacy snapshot,PASS,"NOT_PERFORMED: MHSAA, MaxPreps and AHSFHS were unreachable from the build environment",https://scores.misshsaa.com/ https://www.misshsaa.com/2024/11/19/2025-27-football-regions/ https://www.maxpreps.com/ms/football/rankings/1/,,
north-pike,North Pike Senior High School,5A,3,5A,3,94,,1-0,1,2026-09-02T20:30:00-05:00,counted games consistent; unresolved listings not recorded in this legacy snapshot,PASS,"NOT_PERFORMED: MHSAA, MaxPreps and AHSFHS were unreachable from the build environment",https://scores.misshsaa.com/ https://www.misshsaa.com/2024/11/19/2025-27-football-regions/ https://www.maxpreps.com/ms/football/rankings/1/,,
olive-branch,Olive Branch High School,6A,1,6A,1,95,,0-1,1,2026-09-02T20:30:00-05:00,counted games consistent; unresolved listings not recorded in this legacy snapshot,PASS,"NOT_PERFORMED: MHSAA, MaxPreps and AHSFHS were unreachable from the build environment",https://scores.misshsaa.com/ https://www.misshsaa.com/2024/11/19/2025-27-football-regions/ https://www.maxpreps.com/ms/football/rankings/1/,,
amite-county,Amite County High School,2A,7,2A,7,96,,1-0,1,2026-09-02T20:30:00-05:00,counted games consistent; unresolved listings not recorded in this legacy snapshot,PASS,"NOT_PERFORMED: MHSAA, MaxPreps and AHSFHS were unreachable from the build environment",https://scores.misshsaa.com/ https://www.misshsaa.com/2024/11/19/2025-27-football-regions/ https://www.maxpreps.com/ms/football/rankings/1/,,
port-gibson,Port Gibson High School,3A,7,3A,7,97,,1-0,1,2026-09-02T20:30:00-05:00,counted games consistent; unresolved listings not recorded in this legacy snapshot,PASS,"NOT_PERFORMED: MHSAA, MaxPreps and AHSFHS were unreachable from the build environment",https://scores.misshsaa.com/ https://www.misshsaa.com/2024/11/19/2025-27-football-regions/ https://www.maxpreps.com/ms/football/rankings/1/,,
purvis,Purvis High School,5A,4,5A,4,98,,1-0,1,2026-09-02T20:30:00-05:00,counted games consistent; unresolved listings not recorded in this legacy snapshot,PASS,"NOT_PERFORMED: MHSAA, MaxPreps and AHSFHS were unreachable from the build environment",https://scores.misshsaa.com/ https://www.misshsaa.com/2024/11/19/2025-27-football-regions/ https://www.maxpreps.com/ms/football/rankings/1/,,
northeast-jones,Northeast Jones High School,5A,4,5A,4,99,,0-1,1,2026-09-02T20:30:00-05:00,counted games consistent; unresolved listings not recorded in this legacy snapshot,PASS,"NOT_PERFORMED: MHSAA, MaxPreps and AHSFHS were unreachable from the build environment",https://scores.misshsaa.com/ https://www.misshsaa.com/2024/11/19/2025-27-football-regions/ https://www.maxpreps.com/ms/football/rankings/1/,,
tishomingo-county,Tishomingo County High School,4A,1,4A,1,100,,1-0,1,2026-09-02T20:30:00-05:00,counted games consistent; unresolved listings not recorded in this legacy snapshot,PASS,"NOT_PERFORMED: MHSAA, MaxPreps and AHSFHS were unreachable from the build environment",https://scores.misshsaa.com/ https://www.misshsaa.com/2024/11/19/2025-27-football-regions/ https://www.maxpreps.com/ms/football/rankings/1/,,
booneville,Booneville High School,3A,1,3A,1,101,,1-0,1,2026-09-02T20:30:00-05:00,counted games consistent; unresolved listings not recorded in this legacy snapshot,PASS,"NOT_PERFORMED: MHSAA, MaxPreps and AHSFHS were unreachable from the build environment",https://scores.misshsaa.com/ https://www.misshsaa.com/2024/11/19/2025-27-football-regions/ https://www.maxpreps.com/ms/football/rankings/1/,,
east-webster,East Webster High School,2A,4,2A,4,102,,1-0,1,2026-09-02T20:30:00-05:00,counted games consistent; unresolved listings not recorded in this legacy snapshot,PASS,"NOT_PERFORMED: MHSAA, MaxPreps and AHSFHS were unreachable from the build environment",https://scores.misshsaa.com/ https://www.misshsaa.com/2024/11/19/2025-27-football-regions/ https://www.maxpreps.com/ms/football/rankings/1/,,
simmons,Simmons High School,1A,6,1A,6,103,,1-0,1,2026-09-02T20:30:00-05:00,counted games consistent; unresolved listings not recorded in this legacy snapshot,PASS,"NOT_PERFORMED: MHSAA, MaxPreps and AHSFHS were unreachable from the build environment",https://scores.misshsaa.com/ https://www.misshsaa.com/2024/11/19/2025-27-football-regions/ https://www.maxpreps.com/ms/football/rankings/1/,,
obannon,O’Bannon High School,3A,3,3A,3,104,,1-0,1,2026-09-02T20:30:00-05:00,counted games consistent; unresolved listings not recorded in this legacy snapshot,PASS,"NOT_PERFORMED: MHSAA, MaxPreps and AHSFHS were unreachable from the build environment",https://scores.misshsaa.com/ https://www.misshsaa.com/2024/11/19/2025-27-football-regions/ https://www.maxpreps.com/ms/football/rankings/1/,,
noxubee-county,Noxubee County High School,3A,4,3A,4,105,,1-0,1,2026-09-02T20:30:00-05:00,counted games consistent; unresolved listings not recorded in this legacy snapshot,PASS,"NOT_PERFORMED: MHSAA, MaxPreps and AHSFHS were unreachable from the build environment",https://scores.misshsaa.com/ https://www.misshsaa.com/2024/11/19/2025-27-football-regions/ https://www.maxpreps.com/ms/football/rankings/1/,,
scott-central,Scott Central Attendance Center,2A,5,2A,5,106,,1-0,1,2026-09-02T20:30:00-05:00,counted games consistent; unresolved listings not recorded in this legacy snapshot,PASS,"NOT_PERFORMED: MHSAA, MaxPreps and AHSFHS were unreachable from the build environment",https://scores.misshsaa.com/ https://www.misshsaa.com/2024/11/19/2025-27-football-regions/ https://www.maxpreps.com/ms/football/rankings/1/,,
jefferson-davis-county,Jefferson Davis County High School,3A,6,3A,6,107,,0-1,1,2026-09-02T20:30:00-05:00,counted games consistent; unresolved listings not recorded in this legacy snapshot,PASS,"NOT_PERFORMED: MHSAA, MaxPreps and AHSFHS were unreachable from the build environment",https://scores.misshsaa.com/ https://www.misshsaa.com/2024/11/19/2025-27-football-regions/ https://www.maxpreps.com/ms/football/rankings/1/,,
forrest-county-agricultural,Forrest County Agricultural Hi Sch,4A,8,4A,8,108,,1-0,1,2026-09-02T20:30:00-05:00,counted games consistent; unresolved listings not recorded in this legacy snapshot,PASS,"NOT_PERFORMED: MHSAA, MaxPreps and AHSFHS were unreachable from the build environment",https://scores.misshsaa.com/ https://www.misshsaa.com/2024/11/19/2025-27-football-regions/ https://www.maxpreps.com/ms/football/rankings/1/,,
florence,Florence High School,5A,2,5A,2,109,,0-1,1,2026-09-02T20:30:00-05:00,counted games consistent; unresolved listings not recorded in this legacy snapshot,PASS,"NOT_PERFORMED: MHSAA, MaxPreps and AHSFHS were unreachable from the build environment",https://scores.misshsaa.com/ https://www.misshsaa.com/2024/11/19/2025-27-football-regions/ https://www.maxpreps.com/ms/football/rankings/1/,,
east-central,East Central High School,5A,4,5A,4,110,,0-1,1,2026-09-02T20:30:00-05:00,counted games consistent; unresolved listings not recorded in this legacy snapshot,PASS,"NOT_PERFORMED: MHSAA, MaxPreps and AHSFHS were unreachable from the build environment",https://scores.misshsaa.com/ https://www.misshsaa.com/2024/11/19/2025-27-football-regions/ https://www.maxpreps.com/ms/football/rankings/1/,,
tupelo-christian-prep,Tupelo Christian,1A,1,1A,1,111,,1-0,1,2026-09-02T20:30:00-05:00,counted games consistent; unresolved listings not recorded in this legacy snapshot,PASS,"NOT_PERFORMED: MHSAA, MaxPreps and AHSFHS were unreachable from the build environment",https://scores.misshsaa.com/ https://www.misshsaa.com/2024/11/19/2025-27-football-regions/ https://www.maxpreps.com/ms/football/rankings/1/,,
yazoo-city,Yazoo City High School,4A,4,4A,4,112,,0-0,0,2026-09-02T20:30:00-05:00,unavailable: no verified results linked,PASS,"NOT_PERFORMED: MHSAA, MaxPreps and AHSFHS were unreachable from the build environment",https://scores.misshsaa.com/ https://www.misshsaa.com/2024/11/19/2025-27-football-regions/ https://www.maxpreps.com/ms/football/rankings/1/,,
edwards,Thomas E. Edwards,3A,3,3A,3,113,,1-0,1,2026-09-02T20:30:00-05:00,counted games consistent; unresolved listings not recorded in this legacy snapshot,PASS,"NOT_PERFORMED: MHSAA, MaxPreps and AHSFHS were unreachable from the build environment",https://scores.misshsaa.com/ https://www.misshsaa.com/2024/11/19/2025-27-football-regions/ https://www.maxpreps.com/ms/football/rankings/1/,,
byhalia,Byhalia High School (9-12),4A,3,4A,3,114,,1-0,1,2026-09-02T20:30:00-05:00,counted games consistent; unresolved listings not recorded in this legacy snapshot,PASS,"NOT_PERFORMED: MHSAA, MaxPreps and AHSFHS were unreachable from the build environment",https://scores.misshsaa.com/ https://www.misshsaa.com/2024/11/19/2025-27-football-regions/ https://www.maxpreps.com/ms/football/rankings/1/,,
west-tallahatchie,West Tallahatchie High School,1A,4,1A,4,115,,1-0,1,2026-09-02T20:30:00-05:00,counted games consistent; unresolved listings not recorded in this legacy snapshot,PASS,"NOT_PERFORMED: MHSAA, MaxPreps and AHSFHS were unreachable from the build environment",https://scores.misshsaa.com/ https://www.misshsaa.com/2024/11/19/2025-27-football-regions/ https://www.maxpreps.com/ms/football/rankings/1/,,
clarkdale,Clarkdale High School,2A,6,2A,6,116,,1-0,1,2026-09-02T20:30:00-05:00,counted games consistent; unresolved listings not recorded in this legacy snapshot,PASS,"NOT_PERFORMED: MHSAA, MaxPreps and AHSFHS were unreachable from the build environment",https://scores.misshsaa.com/ https://www.misshsaa.com/2024/11/19/2025-27-football-regions/ https://www.maxpreps.com/ms/football/rankings/1/,,
gentry,Gentry High School,4A,4,4A,4,117,,0-1,1,2026-09-02T20:30:00-05:00,counted games consistent; unresolved listings not recorded in this legacy snapshot,PASS,"NOT_PERFORMED: MHSAA, MaxPreps and AHSFHS were unreachable from the build environment",https://scores.misshsaa.com/ https://www.misshsaa.com/2024/11/19/2025-27-football-regions/ https://www.maxpreps.com/ms/football/rankings/1/,,
kemper-county,Kemper County High School,2A,4,2A,4,118,,1-0,1,2026-09-02T20:30:00-05:00,counted games consistent; unresolved listings not recorded in this legacy snapshot,PASS,"NOT_PERFORMED: MHSAA, MaxPreps and AHSFHS were unreachable from the build environment",https://scores.misshsaa.com/ https://www.misshsaa.com/2024/11/19/2025-27-football-regions/ https://www.maxpreps.com/ms/football/rankings/1/,,
eupora,Eupora High School,2A,4,2A,4,119,,1-0,1,2026-09-02T20:30:00-05:00,counted games consistent; unresolved listings not recorded in this legacy snapshot,PASS,"NOT_PERFORMED: MHSAA, MaxPreps and AHSFHS were unreachable from the build environment",https://scores.misshsaa.com/ https://www.misshsaa.com/2024/11/19/2025-27-football-regions/ https://www.maxpreps.com/ms/football/rankings/1/,,
baldwyn,Baldwyn High School,2A,1,2A,1,120,,1-0,1,2026-09-02T20:30:00-05:00,counted games consistent; unresolved listings not recorded in this legacy snapshot,PASS,"NOT_PERFORMED: MHSAA, MaxPreps and AHSFHS were unreachable from the build environment",https://scores.misshsaa.com/ https://www.misshsaa.com/2024/11/19/2025-27-football-regions/ https://www.maxpreps.com/ms/football/rankings/1/,,
saltillo,Saltillo High School,6A,1,6A,1,121,,0-1,1,2026-09-02T20:30:00-05:00,counted games consistent; unresolved listings not recorded in this legacy snapshot,PASS,"NOT_PERFORMED: MHSAA, MaxPreps and AHSFHS were unreachable from the build environment",https://scores.misshsaa.com/ https://www.misshsaa.com/2024/11/19/2025-27-football-regions/ https://www.maxpreps.com/ms/football/rankings/1/,,
aberdeen,Aberdeen High School,3A,4,3A,4,122,,1-0,1,2026-09-02T20:30:00-05:00,counted games consistent; unresolved listings not recorded in this legacy snapshot,PASS,"NOT_PERFORMED: MHSAA, MaxPreps and AHSFHS were unreachable from the build environment",https://scores.misshsaa.com/ https://www.misshsaa.com/2024/11/19/2025-27-football-regions/ https://www.maxpreps.com/ms/football/rankings/1/,,
murrah,Murrah High School,7A,2,7A,2,123,,0-1,1,2026-09-02T20:30:00-05:00,counted games consistent; unresolved listings not recorded in this legacy snapshot,PASS,"NOT_PERFORMED: MHSAA, MaxPreps and AHSFHS were unreachable from the build environment",https://scores.misshsaa.com/ https://www.misshsaa.com/2024/11/19/2025-27-football-regions/ https://www.maxpreps.com/ms/football/rankings/1/,,
vancleave,Vancleave High School,5A,4,5A,4,124,,0-1,1,2026-09-02T20:30:00-05:00,counted games consistent; unresolved listings not recorded in this legacy snapshot,PASS,"NOT_PERFORMED: MHSAA, MaxPreps and AHSFHS were unreachable from the build environment",https://scores.misshsaa.com/ https://www.misshsaa.com/2024/11/19/2025-27-football-regions/ https://www.maxpreps.com/ms/football/rankings/1/,,
franklin,Franklin High School,3A,7,3A,7,125,,0-1,1,2026-09-02T20:30:00-05:00,counted games consistent; unresolved listings not recorded in this legacy snapshot,PASS,"NOT_PERFORMED: MHSAA, MaxPreps and AHSFHS were unreachable from the build environment",https://scores.misshsaa.com/ https://www.misshsaa.com/2024/11/19/2025-27-football-regions/ https://www.maxpreps.com/ms/football/rankings/1/,,
greenwood,Greenwood High School,4A,4,4A,4,126,,0-1,1,2026-09-02T20:30:00-05:00,counted games consistent; unresolved listings not recorded in this legacy snapshot,PASS,"NOT_PERFORMED: MHSAA, MaxPreps and AHSFHS were unreachable from the build environment",https://scores.misshsaa.com/ https://www.misshsaa.com/2024/11/19/2025-27-football-regions/ https://www.maxpreps.com/ms/football/rankings/1/,,
sacred-heart,Sacred Heart,2A,8,2A,8,127,,1-0,1,2026-09-02T20:30:00-05:00,counted games consistent; unresolved listings not recorded in this legacy snapshot,PASS,"NOT_PERFORMED: MHSAA, MaxPreps and AHSFHS were unreachable from the build environment",https://scores.misshsaa.com/ https://www.misshsaa.com/2024/11/19/2025-27-football-regions/ https://www.maxpreps.com/ms/football/rankings/1/,,
smithville,Smithville High School,1A,1,1A,1,128,,1-0,1,2026-09-02T20:30:00-05:00,counted games consistent; unresolved listings not recorded in this legacy snapshot,PASS,"NOT_PERFORMED: MHSAA, MaxPreps and AHSFHS were unreachable from the build environment",https://scores.misshsaa.com/ https://www.misshsaa.com/2024/11/19/2025-27-football-regions/ https://www.maxpreps.com/ms/football/rankings/1/,,
mooreville,Mooreville High School,4A,2,4A,2,129,,0-1,1,2026-09-02T20:30:00-05:00,counted games consistent; unresolved listings not recorded in this legacy snapshot,PASS,"NOT_PERFORMED: MHSAA, MaxPreps and AHSFHS were unreachable from the build environment",https://scores.misshsaa.com/ https://www.misshsaa.com/2024/11/19/2025-27-football-regions/ https://www.maxpreps.com/ms/football/rankings/1/,,
st-patrick,St. Patrick,3A,8,3A,8,130,,1-0,1,2026-09-02T20:30:00-05:00,counted games consistent; unresolved listings not recorded in this legacy snapshot,PASS,"NOT_PERFORMED: MHSAA, MaxPreps and AHSFHS were unreachable from the build environment",https://scores.misshsaa.com/ https://www.misshsaa.com/2024/11/19/2025-27-football-regions/ https://www.maxpreps.com/ms/football/rankings/1/,,
hazlehurst,Hazlehurst High School,3A,7,3A,7,131,,0-0,0,2026-09-02T20:30:00-05:00,unavailable: no verified results linked,PASS,"NOT_PERFORMED: MHSAA, MaxPreps and AHSFHS were unreachable from the build environment",https://scores.misshsaa.com/ https://www.misshsaa.com/2024/11/19/2025-27-football-regions/ https://www.maxpreps.com/ms/football/rankings/1/,,
leflore-county,Leflore County High School,1A,4,1A,4,132,,1-0,1,2026-09-02T20:30:00-05:00,counted games consistent; unresolved listings not recorded in this legacy snapshot,PASS,"NOT_PERFORMED: MHSAA, MaxPreps and AHSFHS were unreachable from the build environment",https://scores.misshsaa.com/ https://www.misshsaa.com/2024/11/19/2025-27-football-regions/ https://www.maxpreps.com/ms/football/rankings/1/,,
humphreys-county,Humphreys County High School,3A,3,3A,3,133,,0-0,0,2026-09-02T20:30:00-05:00,unavailable: no verified results linked,PASS,"NOT_PERFORMED: MHSAA, MaxPreps and AHSFHS were unreachable from the build environment",https://scores.misshsaa.com/ https://www.misshsaa.com/2024/11/19/2025-27-football-regions/ https://www.maxpreps.com/ms/football/rankings/1/,,
heidelberg,Heidelberg High School,2A,6,2A,6,134,,0-1,1,2026-09-02T20:30:00-05:00,counted games consistent; unresolved listings not recorded in this legacy snapshot,PASS,"NOT_PERFORMED: MHSAA, MaxPreps and AHSFHS were unreachable from the build environment",https://scores.misshsaa.com/ https://www.misshsaa.com/2024/11/19/2025-27-football-regions/ https://www.maxpreps.com/ms/football/rankings/1/,,
choctaw-county,Choctaw County High School,3A,4,3A,4,135,,0-1,1,2026-09-02T20:30:00-05:00,counted games consistent; unresolved listings not recorded in this legacy snapshot,PASS,"NOT_PERFORMED: MHSAA, MaxPreps and AHSFHS were unreachable from the build environment",https://scores.misshsaa.com/ https://www.misshsaa.com/2024/11/19/2025-27-football-regions/ https://www.maxpreps.com/ms/football/rankings/1/,,
falkner,Falkner Attendance Center,1A,2,1A,2,136,,1-0,1,2026-09-02T20:30:00-05:00,counted games consistent; unresolved listings not recorded in this legacy snapshot,PASS,"NOT_PERFORMED: MHSAA, MaxPreps and AHSFHS were unreachable from the build environment",https://scores.misshsaa.com/ https://www.misshsaa.com/2024/11/19/2025-27-football-regions/ https://www.maxpreps.com/ms/football/rankings/1/,Aug 28 game now displays on Aug 28 (legacy 23:59 Pacific date-only marker previously shown as Aug 29).,
union,Union High School,3A,5,3A,5,137,,1-0,1,2026-09-02T20:30:00-05:00,counted games consistent; unresolved listings not recorded in this legacy snapshot,PASS,"NOT_PERFORMED: MHSAA, MaxPreps and AHSFHS were unreachable from the build environment",https://scores.misshsaa.com/ https://www.misshsaa.com/2024/11/19/2025-27-football-regions/ https://www.maxpreps.com/ms/football/rankings/1/,,
bruce,Bruce High School,2A,2,2A,2,138,,1-0,1,2026-09-02T20:30:00-05:00,counted games consistent; unresolved listings not recorded in this legacy snapshot,PASS,"NOT_PERFORMED: MHSAA, MaxPreps and AHSFHS were unreachable from the build environment",https://scores.misshsaa.com/ https://www.misshsaa.com/2024/11/19/2025-27-football-regions/ https://www.maxpreps.com/ms/football/rankings/1/,,
belmont,Belmont School,3A,1,3A,1,139,,0-1,1,2026-09-02T20:30:00-05:00,counted games consistent; unresolved listings not recorded in this legacy snapshot,PASS,"NOT_PERFORMED: MHSAA, MaxPreps and AHSFHS were unreachable from the build environment",https://scores.misshsaa.com/ https://www.misshsaa.com/2024/11/19/2025-27-football-regions/ https://www.maxpreps.com/ms/football/rankings/1/,,
caledonia,Caledonia High School,5A,1,5A,1,140,,0-1,1,2026-09-02T20:30:00-05:00,counted games consistent; unresolved listings not recorded in this legacy snapshot,PASS,"NOT_PERFORMED: MHSAA, MaxPreps and AHSFHS were unreachable from the build environment",https://scores.misshsaa.com/ https://www.misshsaa.com/2024/11/19/2025-27-football-regions/ https://www.maxpreps.com/ms/football/rankings/1/,,
independence,Independence High School,3A,2,3A,2,141,,1-0,1,2026-09-02T20:30:00-05:00,counted games consistent; unresolved listings not recorded in this legacy snapshot,PASS,"NOT_PERFORMED: MHSAA, MaxPreps and AHSFHS were unreachable from the build environment",https://scores.misshsaa.com/ https://www.misshsaa.com/2024/11/19/2025-27-football-regions/ https://www.maxpreps.com/ms/football/rankings/1/,,
walnut,Walnut Attendance Center,2A,1,2A,1,142,,1-0,1,2026-09-02T20:30:00-05:00,counted games consistent; unresolved listings not recorded in this legacy snapshot,PASS,"NOT_PERFORMED: MHSAA, MaxPreps and AHSFHS were unreachable from the build environment",https://scores.misshsaa.com/ https://www.misshsaa.com/2024/11/19/2025-27-football-regions/ https://www.maxpreps.com/ms/football/rankings/1/,,
newton-county,Newton County High School,4A,5,4A,5,143,,0-1,1,2026-09-02T20:30:00-05:00,counted games consistent; unresolved listings not recorded in this legacy snapshot,PASS,"NOT_PERFORMED: MHSAA, MaxPreps and AHSFHS were unreachable from the build environment",https://scores.misshsaa.com/ https://www.misshsaa.com/2024/11/19/2025-27-football-regions/ https://www.maxpreps.com/ms/football/rankings/1/,,
provine,Provine High School,5A,2,5A,2,144,,0-1,1,2026-09-02T20:30:00-05:00,counted games consistent; unresolved listings not recorded in this legacy snapshot,PASS,"NOT_PERFORMED: MHSAA, MaxPreps and AHSFHS were unreachable from the build environment",https://scores.misshsaa.com/ https://www.misshsaa.com/2024/11/19/2025-27-football-regions/ https://www.maxpreps.com/ms/football/rankings/1/,,
north-pontotoc,North Pontotoc High School,4A,1,4A,1,145,,0-1,1,2026-09-02T20:30:00-05:00,counted games consistent; unresolved listings not recorded in this legacy snapshot,PASS,"NOT_PERFORMED: MHSAA, MaxPreps and AHSFHS were unreachable from the build environment",https://scores.misshsaa.com/ https://www.misshsaa.com/2024/11/19/2025-27-football-regions/ https://www.maxpreps.com/ms/football/rankings/1/,,
lawrence-county,Lawrence County High School,4A,7,4A,7,146,,0-1,1,2026-09-02T20:30:00-05:00,counted games consistent; unresolved listings not recorded in this legacy snapshot,PASS,"NOT_PERFORMED: MHSAA, MaxPreps and AHSFHS were unreachable from the build environment",https://scores.misshsaa.com/ https://www.misshsaa.com/2024/11/19/2025-27-football-regions/ https://www.maxpreps.com/ms/football/rankings/1/,,
long-beach,Long Beach Senior High School,6A,4,6A,4,147,,0-1,1,2026-09-02T20:30:00-05:00,counted games consistent; unresolved listings not recorded in this legacy snapshot,PASS,"NOT_PERFORMED: MHSAA, MaxPreps and AHSFHS were unreachable from the build environment",https://scores.misshsaa.com/ https://www.misshsaa.com/2024/11/19/2025-27-football-regions/ https://www.maxpreps.com/ms/football/rankings/1/,,
hatley,Hatley High School,2A,1,2A,1,148,,1-0,1,2026-09-02T20:30:00-05:00,counted games consistent; unresolved listings not recorded in this legacy snapshot,PASS,"NOT_PERFORMED: MHSAA, MaxPreps and AHSFHS were unreachable from the build environment",https://scores.misshsaa.com/ https://www.misshsaa.com/2024/11/19/2025-27-football-regions/ https://www.maxpreps.com/ms/football/rankings/1/,,
calhoun-city,Calhoun City High School,1A,3,1A,3,149,,1-0,1,2026-09-02T20:30:00-05:00,counted games consistent; unresolved listings not recorded in this legacy snapshot,PASS,"NOT_PERFORMED: MHSAA, MaxPreps and AHSFHS were unreachable from the build environment",https://scores.misshsaa.com/ https://www.misshsaa.com/2024/11/19/2025-27-football-regions/ https://www.maxpreps.com/ms/football/rankings/1/,,
enterprise-clarke,Enterprise (Clarke),2A,6,2A,6,150,,1-0,1,2026-09-02T20:30:00-05:00,counted games consistent; unresolved listings not recorded in this legacy snapshot,PASS,"NOT_PERFORMED: MHSAA, MaxPreps and AHSFHS were unreachable from the build environment",https://scores.misshsaa.com/ https://www.misshsaa.com/2024/11/19/2025-27-football-regions/ https://www.maxpreps.com/ms/football/rankings/1/,,
amory,Amory High School,4A,2,4A,2,151,,0-1,1,2026-09-02T20:30:00-05:00,counted games consistent; unresolved listings not recorded in this legacy snapshot,PASS,"NOT_PERFORMED: MHSAA, MaxPreps and AHSFHS were unreachable from the build environment",https://scores.misshsaa.com/ https://www.misshsaa.com/2024/11/19/2025-27-football-regions/ https://www.maxpreps.com/ms/football/rankings/1/,,
holly-springs,Holly Springs High School,3A,2,3A,2,152,,1-0,1,2026-09-02T20:30:00-05:00,counted games consistent; unresolved listings not recorded in this legacy snapshot,PASS,"NOT_PERFORMED: MHSAA, MaxPreps and AHSFHS were unreachable from the build environment",https://scores.misshsaa.com/ https://www.misshsaa.com/2024/11/19/2025-27-football-regions/ https://www.maxpreps.com/ms/football/rankings/1/,,
coffeeville,Coffeeville High School,1A,4,1A,4,153,,1-0,1,2026-09-02T20:30:00-05:00,counted games consistent; unresolved listings not recorded in this legacy snapshot,PASS,"NOT_PERFORMED: MHSAA, MaxPreps and AHSFHS were unreachable from the build environment",https://scores.misshsaa.com/ https://www.misshsaa.com/2024/11/19/2025-27-football-regions/ https://www.maxpreps.com/ms/football/rankings/1/,,
jefferson-county,Jefferson Co High,3A,7,3A,7,154,,0-1,1,2026-09-02T20:30:00-05:00,counted games consistent; unresolved listings not recorded in this legacy snapshot,PASS,"NOT_PERFORMED: MHSAA, MaxPreps and AHSFHS were unreachable from the build environment",https://scores.misshsaa.com/ https://www.misshsaa.com/2024/11/19/2025-27-football-regions/ https://www.maxpreps.com/ms/football/rankings/1/,,
perry-central,Perry Central High School,2A,8,2A,8,155,,1-0,1,2026-09-02T20:30:00-05:00,counted games consistent; unresolved listings not recorded in this legacy snapshot,PASS,"NOT_PERFORMED: MHSAA, MaxPreps and AHSFHS were unreachable from the build environment",https://scores.misshsaa.com/ https://www.misshsaa.com/2024/11/19/2025-27-football-regions/ https://www.maxpreps.com/ms/football/rankings/1/,,
bay,Bay High School,4A,8,4A,8,156,,0-1,1,2026-09-02T20:30:00-05:00,counted games consistent; unresolved listings not recorded in this legacy snapshot,PASS,"NOT_PERFORMED: MHSAA, MaxPreps and AHSFHS were unreachable from the build environment",https://scores.misshsaa.com/ https://www.misshsaa.com/2024/11/19/2025-27-football-regions/ https://www.maxpreps.com/ms/football/rankings/1/,,
northside,Northside High School,2A,3,2A,3,157,,0-0,0,2026-09-02T20:30:00-05:00,unavailable: no verified results linked,PASS,"NOT_PERFORMED: MHSAA, MaxPreps and AHSFHS were unreachable from the build environment",https://scores.misshsaa.com/ https://www.misshsaa.com/2024/11/19/2025-27-football-regions/ https://www.maxpreps.com/ms/football/rankings/1/,Page now says 'results unavailable' instead of 0-0 / 0.0; no source data changed.,
moss-point,Moss Point High School,4A,8,4A,8,158,,0-1,1,2026-09-02T20:30:00-05:00,counted games consistent; unresolved listings not recorded in this legacy snapshot,PASS,"NOT_PERFORMED: MHSAA, MaxPreps and AHSFHS were unreachable from the build environment",https://scores.misshsaa.com/ https://www.misshsaa.com/2024/11/19/2025-27-football-regions/ https://www.maxpreps.com/ms/football/rankings/1/,,
pelahatchie,Pelahatchie Attendance Center,2A,5,2A,5,159,,1-0,1,2026-09-02T20:30:00-05:00,counted games consistent; unresolved listings not recorded in this legacy snapshot,PASS,"NOT_PERFORMED: MHSAA, MaxPreps and AHSFHS were unreachable from the build environment",https://scores.misshsaa.com/ https://www.misshsaa.com/2024/11/19/2025-27-football-regions/ https://www.maxpreps.com/ms/football/rankings/1/,,
columbus,Columbus High School,5A,1,5A,1,160,,0-1,1,2026-09-02T20:30:00-05:00,counted games consistent; unresolved listings not recorded in this legacy snapshot,PASS,"NOT_PERFORMED: MHSAA, MaxPreps and AHSFHS were unreachable from the build environment",https://scores.misshsaa.com/ https://www.misshsaa.com/2024/11/19/2025-27-football-regions/ https://www.maxpreps.com/ms/football/rankings/1/,,
biggersville,Biggersville High School,1A,1,1A,1,161,,1-0,1,2026-09-02T20:30:00-05:00,counted games consistent; unresolved listings not recorded in this legacy snapshot,PASS,"NOT_PERFORMED: MHSAA, MaxPreps and AHSFHS were unreachable from the build environment",https://scores.misshsaa.com/ https://www.misshsaa.com/2024/11/19/2025-27-football-regions/ https://www.maxpreps.com/ms/football/rankings/1/,,
richton,Richton High School,1A,8,1A,8,162,,1-0,1,2026-09-02T20:30:00-05:00,counted games consistent; unresolved listings not recorded in this legacy snapshot,PASS,"NOT_PERFORMED: MHSAA, MaxPreps and AHSFHS were unreachable from the build environment",https://scores.misshsaa.com/ https://www.misshsaa.com/2024/11/19/2025-27-football-regions/ https://www.maxpreps.com/ms/football/rankings/1/,,
west-lauderdale,West Lauderdale High School,4A,5,4A,5,163,,0-1,1,2026-09-02T20:30:00-05:00,counted games consistent; unresolved listings not recorded in this legacy snapshot,PASS,"NOT_PERFORMED: MHSAA, MaxPreps and AHSFHS were unreachable from the build environment",https://scores.misshsaa.com/ https://www.misshsaa.com/2024/11/19/2025-27-football-regions/ https://www.maxpreps.com/ms/football/rankings/1/,,
st-stanislaus,St. Stanislaus,3A,8,3A,8,164,,0-1,1,2026-09-02T20:30:00-05:00,counted games consistent; unresolved listings not recorded in this legacy snapshot,PASS,"NOT_PERFORMED: MHSAA, MaxPreps and AHSFHS were unreachable from the build environment",https://scores.misshsaa.com/ https://www.misshsaa.com/2024/11/19/2025-27-football-regions/ https://www.maxpreps.com/ms/football/rankings/1/,,
velma-jackson,Velma Jackson High School,2A,4,2A,4,165,,0-1,1,2026-09-02T20:30:00-05:00,counted games consistent; unresolved listings not recorded in this legacy snapshot,PASS,"NOT_PERFORMED: MHSAA, MaxPreps and AHSFHS were unreachable from the build environment",https://scores.misshsaa.com/ https://www.misshsaa.com/2024/11/19/2025-27-football-regions/ https://www.maxpreps.com/ms/football/rankings/1/,,
philadelphia,Philadelphia High School,2A,4,2A,4,166,,0-1,1,2026-09-02T20:30:00-05:00,counted games consistent; unresolved listings not recorded in this legacy snapshot,PASS,"NOT_PERFORMED: MHSAA, MaxPreps and AHSFHS were unreachable from the build environment",https://scores.misshsaa.com/ https://www.misshsaa.com/2024/11/19/2025-27-football-regions/ https://www.maxpreps.com/ms/football/rankings/1/,,
st-andrews,St. Andrew’S,3A,5,3A,5,167,,0-1,1,2026-09-02T20:30:00-05:00,counted games consistent; unresolved listings not recorded in this legacy snapshot,PASS,"NOT_PERFORMED: MHSAA, MaxPreps and AHSFHS were unreachable from the build environment",https://scores.misshsaa.com/ https://www.misshsaa.com/2024/11/19/2025-27-football-regions/ https://www.maxpreps.com/ms/football/rankings/1/,,
nanih-waiya,Nanih Waiya Attendance Center,1A,5,1A,5,168,,1-0,1,2026-09-02T20:30:00-05:00,counted games consistent; unresolved listings not recorded in this legacy snapshot,PASS,"NOT_PERFORMED: MHSAA, MaxPreps and AHSFHS were unreachable from the build environment",https://scores.misshsaa.com/ https://www.misshsaa.com/2024/11/19/2025-27-football-regions/ https://www.maxpreps.com/ms/football/rankings/1/,,
south-pontotoc,South Pontotoc High School,4A,1,4A,1,169,,0-1,1,2026-09-02T20:30:00-05:00,counted games consistent; unresolved listings not recorded in this legacy snapshot,PASS,"NOT_PERFORMED: MHSAA, MaxPreps and AHSFHS were unreachable from the build environment",https://scores.misshsaa.com/ https://www.misshsaa.com/2024/11/19/2025-27-football-regions/ https://www.maxpreps.com/ms/football/rankings/1/,,
southeast-lauderdale,Southeast Lauderdale High School,3A,5,3A,5,170,,1-0,1,2026-09-02T20:30:00-05:00,counted games consistent; unresolved listings not recorded in this legacy snapshot,PASS,"NOT_PERFORMED: MHSAA, MaxPreps and AHSFHS were unreachable from the build environment",https://scores.misshsaa.com/ https://www.misshsaa.com/2024/11/19/2025-27-football-regions/ https://www.maxpreps.com/ms/football/rankings/1/,,
raymond,Raymond High School,4A,6,4A,6,171,,0-1,1,2026-09-02T20:30:00-05:00,counted games consistent; unresolved listings not recorded in this legacy snapshot,PASS,"NOT_PERFORMED: MHSAA, MaxPreps and AHSFHS were unreachable from the build environment",https://scores.misshsaa.com/ https://www.misshsaa.com/2024/11/19/2025-27-football-regions/ https://www.maxpreps.com/ms/football/rankings/1/,,
lumberton,Lumberton High School,1A,8,1A,8,172,,0-1,1,2026-09-02T20:30:00-05:00,counted games consistent; unresolved listings not recorded in this legacy snapshot,PASS,"NOT_PERFORMED: MHSAA, MaxPreps and AHSFHS were unreachable from the build environment",https://scores.misshsaa.com/ https://www.misshsaa.com/2024/11/19/2025-27-football-regions/ https://www.maxpreps.com/ms/football/rankings/1/,,
mantachie,Mantachie Attendance Center,3A,1,3A,1,173,,0-1,1,2026-09-02T20:30:00-05:00,counted games consistent; unresolved listings not recorded in this legacy snapshot,PASS,"NOT_PERFORMED: MHSAA, MaxPreps and AHSFHS were unreachable from the build environment",https://scores.misshsaa.com/ https://www.misshsaa.com/2024/11/19/2025-27-football-regions/ https://www.maxpreps.com/ms/football/rankings/1/,,
lake,Lake High School,2A,5,2A,5,174,,0-1,1,2026-09-02T20:30:00-05:00,counted games consistent; unresolved listings not recorded in this legacy snapshot,PASS,"NOT_PERFORMED: MHSAA, MaxPreps and AHSFHS were unreachable from the build environment",https://scores.misshsaa.com/ https://www.misshsaa.com/2024/11/19/2025-27-football-regions/ https://www.maxpreps.com/ms/football/rankings/1/,,
quitman,Quitman High School,3A,5,3A,5,175,,0-1,1,2026-09-02T20:30:00-05:00,counted games consistent; unresolved listings not recorded in this legacy snapshot,PASS,"NOT_PERFORMED: MHSAA, MaxPreps and AHSFHS were unreachable from the build environment",https://scores.misshsaa.com/ https://www.misshsaa.com/2024/11/19/2025-27-football-regions/ https://www.maxpreps.com/ms/football/rankings/1/,,
tylertown,Tylertown High School,3A,8,3A,8,176,,0-1,1,2026-09-02T20:30:00-05:00,counted games consistent; unresolved listings not recorded in this legacy snapshot,PASS,"NOT_PERFORMED: MHSAA, MaxPreps and AHSFHS were unreachable from the build environment",https://scores.misshsaa.com/ https://www.misshsaa.com/2024/11/19/2025-27-football-regions/ https://www.maxpreps.com/ms/football/rankings/1/,,
alcorn-central,Alcorn Central High School,3A,1,3A,1,177,,0-1,1,2026-09-02T20:30:00-05:00,counted games consistent; unresolved listings not recorded in this legacy snapshot,PASS,"NOT_PERFORMED: MHSAA, MaxPreps and AHSFHS were unreachable from the build environment",https://scores.misshsaa.com/ https://www.misshsaa.com/2024/11/19/2025-27-football-regions/ https://www.maxpreps.com/ms/football/rankings/1/,,
bay-springs,Bay Springs High School,2A,6,2A,6,178,,0-1,1,2026-09-02T20:30:00-05:00,counted games consistent; unresolved listings not recorded in this legacy snapshot,PASS,"NOT_PERFORMED: MHSAA, MaxPreps and AHSFHS were unreachable from the build environment",https://scores.misshsaa.com/ https://www.misshsaa.com/2024/11/19/2025-27-football-regions/ https://www.maxpreps.com/ms/football/rankings/1/,,
mclaurin,McLaurin Attendance Center,3A,6,3A,6,179,,1-0,1,2026-09-02T20:30:00-05:00,counted games consistent; unresolved listings not recorded in this legacy snapshot,PASS,"NOT_PERFORMED: MHSAA, MaxPreps and AHSFHS were unreachable from the build environment",https://scores.misshsaa.com/ https://www.misshsaa.com/2024/11/19/2025-27-football-regions/ https://www.maxpreps.com/ms/football/rankings/1/,,
j-z-george,J Z George High School,2A,3,2A,3,180,,1-0,1,2026-09-02T20:30:00-05:00,counted games consistent; unresolved listings not recorded in this legacy snapshot,PASS,"NOT_PERFORMED: MHSAA, MaxPreps and AHSFHS were unreachable from the build environment",https://scores.misshsaa.com/ https://www.misshsaa.com/2024/11/19/2025-27-football-regions/ https://www.maxpreps.com/ms/football/rankings/1/,,
sebastopol,Sebastopol Attendance Center,1A,5,1A,5,181,,1-0,1,2026-09-02T20:30:00-05:00,counted games consistent; unresolved listings not recorded in this legacy snapshot,PASS,"NOT_PERFORMED: MHSAA, MaxPreps and AHSFHS were unreachable from the build environment",https://scores.misshsaa.com/ https://www.misshsaa.com/2024/11/19/2025-27-football-regions/ https://www.maxpreps.com/ms/football/rankings/1/,,
crystal-springs,Crystal Springs High School,3A,7,3A,7,182,,0-1,1,2026-09-02T20:30:00-05:00,counted games consistent; unresolved listings not recorded in this legacy snapshot,PASS,"NOT_PERFORMED: MHSAA, MaxPreps and AHSFHS were unreachable from the build environment",https://scores.misshsaa.com/ https://www.misshsaa.com/2024/11/19/2025-27-football-regions/ https://www.maxpreps.com/ms/football/rankings/1/,,
enterprise-brookhaven,Enterprise (Brookhaven),2A,7,2A,7,183,,1-0,1,2026-09-02T20:30:00-05:00,counted games consistent; unresolved listings not recorded in this legacy snapshot,PASS,"NOT_PERFORMED: MHSAA, MaxPreps and AHSFHS were unreachable from the build environment",https://scores.misshsaa.com/ https://www.misshsaa.com/2024/11/19/2025-27-football-regions/ https://www.maxpreps.com/ms/football/rankings/1/,,
kossuth,Kossuth High School,3A,1,3A,1,184,,0-1,1,2026-09-02T20:30:00-05:00,counted games consistent; unresolved listings not recorded in this legacy snapshot,PASS,"NOT_PERFORMED: MHSAA, MaxPreps and AHSFHS were unreachable from the build environment",https://scores.misshsaa.com/ https://www.misshsaa.com/2024/11/19/2025-27-football-regions/ https://www.maxpreps.com/ms/football/rankings/1/,,
water-valley,Water Valley High School,2A,2,2A,2,185,,0-1,1,2026-09-02T20:30:00-05:00,counted games consistent; unresolved listings not recorded in this legacy snapshot,PASS,"NOT_PERFORMED: MHSAA, MaxPreps and AHSFHS were unreachable from the build environment",https://scores.misshsaa.com/ https://www.misshsaa.com/2024/11/19/2025-27-football-regions/ https://www.maxpreps.com/ms/football/rankings/1/,,
south-delta,South Delta High School,1A,6,1A,6,186,,1-0,1,2026-09-02T20:30:00-05:00,counted games consistent; unresolved listings not recorded in this legacy snapshot,PASS,"NOT_PERFORMED: MHSAA, MaxPreps and AHSFHS were unreachable from the build environment",https://scores.misshsaa.com/ https://www.misshsaa.com/2024/11/19/2025-27-football-regions/ https://www.maxpreps.com/ms/football/rankings/1/,,
north-panola,North Panola High School,3A,2,3A,2,187,,0-1,1,2026-09-02T20:30:00-05:00,counted games consistent; unresolved listings not recorded in this legacy snapshot,PASS,"NOT_PERFORMED: MHSAA, MaxPreps and AHSFHS were unreachable from the build environment",https://scores.misshsaa.com/ https://www.misshsaa.com/2024/11/19/2025-27-football-regions/ https://www.maxpreps.com/ms/football/rankings/1/,,
northeast-lauderdale,Northeast Lauderdale High School,4A,5,4A,5,188,,0-1,1,2026-09-02T20:30:00-05:00,counted games consistent; unresolved listings not recorded in this legacy snapshot,PASS,"NOT_PERFORMED: MHSAA, MaxPreps and AHSFHS were unreachable from the build environment",https://scores.misshsaa.com/ https://www.misshsaa.com/2024/11/19/2025-27-football-regions/ https://www.maxpreps.com/ms/football/rankings/1/,,
pisgah,Pisgah High School,3A,5,3A,5,189,,0-1,1,2026-09-02T20:30:00-05:00,counted games consistent; unresolved listings not recorded in this legacy snapshot,PASS,"NOT_PERFORMED: MHSAA, MaxPreps and AHSFHS were unreachable from the build environment",https://scores.misshsaa.com/ https://www.misshsaa.com/2024/11/19/2025-27-football-regions/ https://www.maxpreps.com/ms/football/rankings/1/,,
collins,Collins High School,2A,8,2A,8,190,,0-1,1,2026-09-02T20:30:00-05:00,counted games consistent; unresolved listings not recorded in this legacy snapshot,PASS,"NOT_PERFORMED: MHSAA, MaxPreps and AHSFHS were unreachable from the build environment",https://scores.misshsaa.com/ https://www.misshsaa.com/2024/11/19/2025-27-football-regions/ https://www.maxpreps.com/ms/football/rankings/1/,,
nettleton,Nettleton High School,3A,4,3A,4,191,,0-1,1,2026-09-02T20:30:00-05:00,counted games consistent; unresolved listings not recorded in this legacy snapshot,PASS,"NOT_PERFORMED: MHSAA, MaxPreps and AHSFHS were unreachable from the build environment",https://scores.misshsaa.com/ https://www.misshsaa.com/2024/11/19/2025-27-football-regions/ https://www.maxpreps.com/ms/football/rankings/1/,,
north-forrest,North Forrest High School,2A,8,2A,8,192,,0-1,1,2026-09-02T20:30:00-05:00,counted games consistent; unresolved listings not recorded in this legacy snapshot,PASS,"NOT_PERFORMED: MHSAA, MaxPreps and AHSFHS were unreachable from the build environment",https://scores.misshsaa.com/ https://www.misshsaa.com/2024/11/19/2025-27-football-regions/ https://www.maxpreps.com/ms/football/rankings/1/,,
myrtle,Myrtle Attendance Center,2A,2,2A,2,193,,0-1,1,2026-09-02T20:30:00-05:00,counted games consistent; unresolved listings not recorded in this legacy snapshot,PASS,"NOT_PERFORMED: MHSAA, MaxPreps and AHSFHS were unreachable from the build environment",https://scores.misshsaa.com/ https://www.misshsaa.com/2024/11/19/2025-27-football-regions/ https://www.maxpreps.com/ms/football/rankings/1/,,
french-camp,French Camp,1A,4,1A,4,194,,0-1,1,2026-09-02T20:30:00-05:00,counted games consistent; unresolved listings not recorded in this legacy snapshot,PASS,"NOT_PERFORMED: MHSAA, MaxPreps and AHSFHS were unreachable from the build environment",https://scores.misshsaa.com/ https://www.misshsaa.com/2024/11/19/2025-27-football-regions/ https://www.maxpreps.com/ms/football/rankings/1/,,
loyd-star,Loyd Star School,2A,7,2A,7,195,,0-1,1,2026-09-02T20:30:00-05:00,counted games consistent; unresolved listings not recorded in this legacy snapshot,PASS,"NOT_PERFORMED: MHSAA, MaxPreps and AHSFHS were unreachable from the build environment",https://scores.misshsaa.com/ https://www.misshsaa.com/2024/11/19/2025-27-football-regions/ https://www.maxpreps.com/ms/football/rankings/1/,,
okolona,Okolona High School,1A,3,1A,3,196,,0-1,1,2026-09-02T20:30:00-05:00,counted games consistent; unresolved listings not recorded in this legacy snapshot,PASS,"NOT_PERFORMED: MHSAA, MaxPreps and AHSFHS were unreachable from the build environment",https://scores.misshsaa.com/ https://www.misshsaa.com/2024/11/19/2025-27-football-regions/ https://www.maxpreps.com/ms/football/rankings/1/,,
newton,Newton High School,2A,5,2A,5,197,,0-1,1,2026-09-02T20:30:00-05:00,counted games consistent; unresolved listings not recorded in this legacy snapshot,PASS,"NOT_PERFORMED: MHSAA, MaxPreps and AHSFHS were unreachable from the build environment",https://scores.misshsaa.com/ https://www.misshsaa.com/2024/11/19/2025-27-football-regions/ https://www.maxpreps.com/ms/football/rankings/1/,,
potts-camp,Potts Camp High School (5-12),1A,2,1A,2,198,,1-0,1,2026-09-02T20:30:00-05:00,counted games consistent; unresolved listings not recorded in this legacy snapshot,PASS,"NOT_PERFORMED: MHSAA, MaxPreps and AHSFHS were unreachable from the build environment",https://scores.misshsaa.com/ https://www.misshsaa.com/2024/11/19/2025-27-football-regions/ https://www.maxpreps.com/ms/football/rankings/1/,,
noxapater,Noxapater Attendance Center,1A,5,1A,5,199,,0-1,1,2026-09-02T20:30:00-05:00,counted games consistent; unresolved listings not recorded in this legacy snapshot,PASS,"NOT_PERFORMED: MHSAA, MaxPreps and AHSFHS were unreachable from the build environment",https://scores.misshsaa.com/ https://www.misshsaa.com/2024/11/19/2025-27-football-regions/ https://www.maxpreps.com/ms/football/rankings/1/,,
west-marion,West Marion High School,3A,8,3A,8,200,,0-1,1,2026-09-02T20:30:00-05:00,counted games consistent; unresolved listings not recorded in this legacy snapshot,PASS,"NOT_PERFORMED: MHSAA, MaxPreps and AHSFHS were unreachable from the build environment",https://scores.misshsaa.com/ https://www.misshsaa.com/2024/11/19/2025-27-football-regions/ https://www.maxpreps.com/ms/football/rankings/1/,,
leland,Leland High School,2A,3,2A,3,201,,0-1,1,2026-09-02T20:30:00-05:00,counted games consistent; unresolved listings not recorded in this legacy snapshot,PASS,"NOT_PERFORMED: MHSAA, MaxPreps and AHSFHS were unreachable from the build environment",https://scores.misshsaa.com/ https://www.misshsaa.com/2024/11/19/2025-27-football-regions/ https://www.maxpreps.com/ms/football/rankings/1/,,
amanda-elzy,Amanda Elzy High School,3A,3,3A,3,202,,0-1,1,2026-09-02T20:30:00-05:00,counted games consistent; unresolved listings not recorded in this legacy snapshot,PASS,"NOT_PERFORMED: MHSAA, MaxPreps and AHSFHS were unreachable from the build environment",https://scores.misshsaa.com/ https://www.misshsaa.com/2024/11/19/2025-27-football-regions/ https://www.maxpreps.com/ms/football/rankings/1/,,
salem,Salem Attendance Center,1A,7,1A,7,203,,0-1,1,2026-09-02T20:30:00-05:00,counted games consistent; unresolved listings not recorded in this legacy snapshot,PASS,"NOT_PERFORMED: MHSAA, MaxPreps and AHSFHS were unreachable from the build environment",https://scores.misshsaa.com/ https://www.misshsaa.com/2024/11/19/2025-27-football-regions/ https://www.maxpreps.com/ms/football/rankings/1/,,
byers,H. W. Byers High School (5-12),1A,2,1A,2,204,,0-1,1,2026-09-02T20:30:00-05:00,counted games consistent; unresolved listings not recorded in this legacy snapshot,PASS,"NOT_PERFORMED: MHSAA, MaxPreps and AHSFHS were unreachable from the build environment",https://scores.misshsaa.com/ https://www.misshsaa.com/2024/11/19/2025-27-football-regions/ https://www.maxpreps.com/ms/football/rankings/1/,,
hamilton,Hamilton High School,2A,1,2A,1,205,,0-1,1,2026-09-02T20:30:00-05:00,counted games consistent; unresolved listings not recorded in this legacy snapshot,PASS,"NOT_PERFORMED: MHSAA, MaxPreps and AHSFHS were unreachable from the build environment",https://scores.misshsaa.com/ https://www.misshsaa.com/2024/11/19/2025-27-football-regions/ https://www.maxpreps.com/ms/football/rankings/1/,,
coahoma-county,Coahoma County Jr/Sr High School,3A,2,3A,2,206,,0-1,1,2026-09-02T20:30:00-05:00,counted games consistent; unresolved listings not recorded in this legacy snapshot,PASS,"NOT_PERFORMED: MHSAA, MaxPreps and AHSFHS were unreachable from the build environment",https://scores.misshsaa.com/ https://www.misshsaa.com/2024/11/19/2025-27-football-regions/ https://www.maxpreps.com/ms/football/rankings/1/,,
taylorsville,Taylorsville Attendance Center,1A,8,1A,8,207,,0-1,1,2026-09-02T20:30:00-05:00,counted games consistent; unresolved listings not recorded in this legacy snapshot,PASS,"NOT_PERFORMED: MHSAA, MaxPreps and AHSFHS were unreachable from the build environment",https://scores.misshsaa.com/ https://www.misshsaa.com/2024/11/19/2025-27-football-regions/ https://www.maxpreps.com/ms/football/rankings/1/,,
wilkinson-county,Wilkinson County High,2A,7,2A,7,208,,0-1,1,2026-09-02T20:30:00-05:00,counted games consistent; unresolved listings not recorded in this legacy snapshot,PASS,"NOT_PERFORMED: MHSAA, MaxPreps and AHSFHS were unreachable from the build environment",https://scores.misshsaa.com/ https://www.misshsaa.com/2024/11/19/2025-27-football-regions/ https://www.maxpreps.com/ms/football/rankings/1/,,
stringer,Stringer Attendance Center,1A,8,1A,8,209,,0-1,1,2026-09-02T20:30:00-05:00,counted games consistent; unresolved listings not recorded in this legacy snapshot,PASS,"NOT_PERFORMED: MHSAA, MaxPreps and AHSFHS were unreachable from the build environment",https://scores.misshsaa.com/ https://www.misshsaa.com/2024/11/19/2025-27-football-regions/ https://www.maxpreps.com/ms/football/rankings/1/,,
strayhorn,Strayhorn High School,2A,2,2A,2,210,,0-1,1,2026-09-02T20:30:00-05:00,counted games consistent; unresolved listings not recorded in this legacy snapshot,PASS,"NOT_PERFORMED: MHSAA, MaxPreps and AHSFHS were unreachable from the build environment",https://scores.misshsaa.com/ https://www.misshsaa.com/2024/11/19/2025-27-football-regions/ https://www.maxpreps.com/ms/football/rankings/1/,,
bogue-chitto,Bogue Chitto School,1A,7,1A,7,211,,0-1,1,2026-09-02T20:30:00-05:00,counted games consistent; unresolved listings not recorded in this legacy snapshot,PASS,"NOT_PERFORMED: MHSAA, MaxPreps and AHSFHS were unreachable from the build environment",https://scores.misshsaa.com/ https://www.misshsaa.com/2024/11/19/2025-27-football-regions/ https://www.maxpreps.com/ms/football/rankings/1/,,
vardaman,Vardaman High School,1A,3,1A,3,212,,0-1,1,2026-09-02T20:30:00-05:00,counted games consistent; unresolved listings not recorded in this legacy snapshot,PASS,"NOT_PERFORMED: MHSAA, MaxPreps and AHSFHS were unreachable from the build environment",https://scores.misshsaa.com/ https://www.misshsaa.com/2024/11/19/2025-27-football-regions/ https://www.maxpreps.com/ms/football/rankings/1/,,
ethel,Ethel Attendance Center,1A,5,1A,5,213,,0-1,1,2026-09-02T20:30:00-05:00,counted games consistent; unresolved listings not recorded in this legacy snapshot,PASS,"NOT_PERFORMED: MHSAA, MaxPreps and AHSFHS were unreachable from the build environment",https://scores.misshsaa.com/ https://www.misshsaa.com/2024/11/19/2025-27-football-regions/ https://www.maxpreps.com/ms/football/rankings/1/,,
mount-olive,Mount Olive Attendance Center,1A,7,1A,7,214,,0-1,1,2026-09-02T20:30:00-05:00,counted games consistent; unresolved listings not recorded in this legacy snapshot,PASS,"NOT_PERFORMED: MHSAA, MaxPreps and AHSFHS were unreachable from the build environment",https://scores.misshsaa.com/ https://www.misshsaa.com/2024/11/19/2025-27-football-regions/ https://www.maxpreps.com/ms/football/rankings/1/,,
west-lowndes,West Lowndes High School,1A,3,1A,3,215,,0-1,1,2026-09-02T20:30:00-05:00,counted games consistent; unresolved listings not recorded in this legacy snapshot,PASS,"NOT_PERFORMED: MHSAA, MaxPreps and AHSFHS were unreachable from the build environment",https://scores.misshsaa.com/ https://www.misshsaa.com/2024/11/19/2025-27-football-regions/ https://www.maxpreps.com/ms/football/rankings/1/,,
resurrection,Resurrection,1A,8,1A,8,216,,0-1,1,2026-09-02T20:30:00-05:00,counted games consistent; unresolved listings not recorded in this legacy snapshot,PASS,"NOT_PERFORMED: MHSAA, MaxPreps and AHSFHS were unreachable from the build environment",https://scores.misshsaa.com/ https://www.misshsaa.com/2024/11/19/2025-27-football-regions/ https://www.maxpreps.com/ms/football/rankings/1/,,
puckett,Puckett Attendance Center,2A,5,2A,5,217,,0-1,1,2026-09-02T20:30:00-05:00,counted games consistent; unresolved listings not recorded in this legacy snapshot,PASS,"NOT_PERFORMED: MHSAA, MaxPreps and AHSFHS were unreachable from the build environment",https://scores.misshsaa.com/ https://www.misshsaa.com/2024/11/19/2025-27-football-regions/ https://www.maxpreps.com/ms/football/rankings/1/,,
riverside,Riverside High School,1A,6,1A,6,218,,0-1,1,2026-09-02T20:30:00-05:00,counted games consistent; unresolved listings not recorded in this legacy snapshot,PASS,"NOT_PERFORMED: MHSAA, MaxPreps and AHSFHS were unreachable from the build environment",https://scores.misshsaa.com/ https://www.misshsaa.com/2024/11/19/2025-27-football-regions/ https://www.maxpreps.com/ms/football/rankings/1/,,
mcadams,McAdams Attendance Center,1A,5,1A,5,219,,0-1,1,2026-09-02T20:30:00-05:00,counted games consistent; unresolved listings not recorded in this legacy snapshot,PASS,"NOT_PERFORMED: MHSAA, MaxPreps and AHSFHS were unreachable from the build environment",https://scores.misshsaa.com/ https://www.misshsaa.com/2024/11/19/2025-27-football-regions/ https://www.maxpreps.com/ms/football/rankings/1/,,
palmer,M. S. Palmer High School,2A,3,2A,3,220,,0-1,1,2026-09-02T20:30:00-05:00,counted games consistent; unresolved listings not recorded in this legacy snapshot,PASS,"NOT_PERFORMED: MHSAA, MaxPreps and AHSFHS were unreachable from the build environment",https://scores.misshsaa.com/ https://www.misshsaa.com/2024/11/19/2025-27-football-regions/ https://www.maxpreps.com/ms/football/rankings/1/,,
shaw,Shaw High School,1A,6,1A,6,221,,0-1,1,2026-09-02T20:30:00-05:00,counted games consistent; unresolved listings not recorded in this legacy snapshot,PASS,"NOT_PERFORMED: MHSAA, MaxPreps and AHSFHS were unreachable from the build environment",https://scores.misshsaa.com/ https://www.misshsaa.com/2024/11/19/2025-27-football-regions/ https://www.maxpreps.com/ms/football/rankings/1/,,
east-union,East Union Attendance Center,2A,2,2A,2,222,,0-1,1,2026-09-02T20:30:00-05:00,counted games consistent; unresolved listings not recorded in this legacy snapshot,PASS,"NOT_PERFORMED: MHSAA, MaxPreps and AHSFHS were unreachable from the build environment",https://scores.misshsaa.com/ https://www.misshsaa.com/2024/11/19/2025-27-football-regions/ https://www.maxpreps.com/ms/football/rankings/1/,,
west-bolivar,West Bolivar High School,1A,6,1A,6,223,,0-1,1,2026-09-02T20:30:00-05:00,counted games consistent; unresolved listings not recorded in this legacy snapshot,PASS,"NOT_PERFORMED: MHSAA, MaxPreps and AHSFHS were unreachable from the build environment",https://scores.misshsaa.com/ https://www.misshsaa.com/2024/11/19/2025-27-football-regions/ https://www.maxpreps.com/ms/football/rankings/1/,,
west-lincoln,West Lincoln School,1A,7,1A,7,224,,0-1,1,2026-09-02T20:30:00-05:00,counted games consistent; unresolved listings not recorded in this legacy snapshot,PASS,"NOT_PERFORMED: MHSAA, MaxPreps and AHSFHS were unreachable from the build environment",https://scores.misshsaa.com/ https://www.misshsaa.com/2024/11/19/2025-27-football-regions/ https://www.maxpreps.com/ms/football/rankings/1/,,
ashland,Ashland Middle-High School,1A,2,1A,2,225,,0-1,1,2026-09-02T20:30:00-05:00,counted games consistent; unresolved listings not recorded in this legacy snapshot,PASS,"NOT_PERFORMED: MHSAA, MaxPreps and AHSFHS were unreachable from the build environment",https://scores.misshsaa.com/ https://www.misshsaa.com/2024/11/19/2025-27-football-regions/ https://www.maxpreps.com/ms/football/rankings/1/,,
